[{"model": "admin.logentry", "pk": 1, "fields": {"action_time": "2020-12-27T17:37:23.689Z", "user": 1, "content_type": 11, "object_id": "1", "object_repr": "Auto 100", "action_flag": 1, "change_message": "[{\"added\": {}}]"}}, {"model": "admin.logentry", "pk": 2, "fields": {"action_time": "2021-01-02T15:39:08.761Z", "user": 1, "content_type": 6, "object_id": "122", "object_repr": "  9876 50 ", "action_flag": 2, "change_message": "[{\"changed\": {\"fields\": [\"Current balance\"]}}]"}}, {"model": "admin.logentry", "pk": 3, "fields": {"action_time": "2021-01-02T15:39:16.588Z", "user": 1, "content_type": 6, "object_id": "120", "object_repr": "  8905 100 ", "action_flag": 2, "change_message": "[{\"changed\": {\"fields\": [\"Current balance\"]}}]"}}, {"model": "admin.logentry", "pk": 4, "fields": {"action_time": "2021-01-02T15:47:48.748Z", "user": 1, "content_type": 15, "object_id": "2", "object_repr": "2020-12-02   1984 260  ", "action_flag": 3, "change_message": ""}}, {"model": "admin.logentry", "pk": 5, "fields": {"action_time": "2021-01-02T15:47:48.750Z", "user": 1, "content_type": 15, "object_id": "1", "object_repr": "2020-12-02   901 220  ", "action_flag": 3, "change_message": ""}}, {"model": "admin.logentry", "pk": 6, "fields": {"action_time": "2021-01-17T07:13:51.932Z", "user": 1, "content_type": 6, "object_id": "1", "object_repr": "Никита Туманов 0605 200 ", "action_flag": 2, "change_message": "[{\"changed\": {\"fields\": [\"First name\", \"Last name\", \"Current balance\", \"Image\"]}}]"}}, {"model": "admin.logentry", "pk": 7, "fields": {"action_time": "2021-01-17T15:23:25.408Z", "user": 1, "content_type": 6, "object_id": "72", "object_repr": "  1984 390 ", "action_flag": 2, "change_message": "[{\"changed\": {\"fields\": [\"Image\"]}}]"}}, {"model": "admin.logentry", "pk": 8, "fields": {"action_time": "2021-01-17T15:29:54.385Z", "user": 1, "content_type": 6, "object_id": "72", "object_repr": "Василий Запупенов 1984 390 ", "action_flag": 2, "change_message": "[{\"changed\": {\"fields\": [\"First name\", \"Last name\"]}}]"}}, {"model": "admin.logentry", "pk": 9, "fields": {"action_time": "2021-01-17T15:49:25.090Z", "user": 1, "content_type": 6, "object_id": "72", "object_repr": "Василий Запупенов 1984 390 ", "action_flag": 2, "change_message": "[{\"changed\": {\"fields\": [\"Staff status\"]}}]"}}, {"model": "admin.logentry", "pk": 10, "fields": {"action_time": "2021-01-17T15:59:45.206Z", "user": 1, "content_type": 6, "object_id": "72", "object_repr": "Василий Запупенов 1984 390 ", "action_flag": 2, "change_message": "[{\"changed\": {\"fields\": [\"Staff status\"]}}]"}}, {"model": "admin.logentry", "pk": 11, "fields": {"action_time": "2021-01-17T17:07:17.416Z", "user": 1, "content_type": 11, "object_id": "2", "object_repr": "Претензия -100", "action_flag": 1, "change_message": "[{\"added\": {}}]"}}, {"model": "admin.logentry", "pk": 12, "fields": {"action_time": "2021-01-17T17:07:59.007Z", "user": 1, "content_type": 12, "object_id": "6", "object_repr": "Василий Запупенов 1984 390  Претензия -100", "action_flag": 2, "change_message": "[{\"changed\": {\"fields\": [\"Modifier\"]}}]"}}, {"model": "admin.logentry", "pk": 13, "fields": {"action_time": "2021-01-18T14:57:08.559Z", "user": 1, "content_type": 6, "object_id": "72", "object_repr": "Василий Запупенов 1984 390 ", "action_flag": 2, "change_message": "[{\"changed\": {\"fields\": [\"Staff status\"]}}]"}}, {"model": "admin.logentry", "pk": 14, "fields": {"action_time": "2021-01-18T14:57:30.320Z", "user": 1, "content_type": 6, "object_id": "72", "object_repr": "Василий Запупенов 1984 390 ", "action_flag": 2, "change_message": "[{\"changed\": {\"fields\": [\"Staff status\"]}}]"}}, {"model": "admin.logentry", "pk": 15, "fields": {"action_time": "2021-01-18T15:03:01.918Z", "user": 1, "content_type": 12, "object_id": "7", "object_repr": "Василий Запупенов 1984 390  Претензия -100", "action_flag": 1, "change_message": "[{\"added\": {}}]"}}, {"model": "admin.logentry", "pk": 16, "fields": {"action_time": "2021-01-18T15:06:38.858Z", "user": 1, "content_type": 12, "object_id": "8", "object_repr": "  107 0  Претензия -100", "action_flag": 1, "change_message": "[{\"added\": {}}]"}}, {"model": "admin.logentry", "pk": 17, "fields": {"action_time": "2021-01-22T03:56:35.087Z", "user": 1, "content_type": 8, "object_id": "1", "object_repr": "Подарочная карта 100", "action_flag": 1, "change_message": "[{\"added\": {}}]"}}, {"model": "admin.logentry", "pk": 18, "fields": {"action_time": "2021-01-22T03:57:21.943Z", "user": 1, "content_type": 8, "object_id": "2", "object_repr": "Портативная колонка 400", "action_flag": 1, "change_message": "[{\"added\": {}}]"}}, {"model": "admin.logentry", "pk": 19, "fields": {"action_time": "2021-01-22T03:58:08.960Z", "user": 1, "content_type": 8, "object_id": "3", "object_repr": "Powerbank 200", "action_flag": 1, "change_message": "[{\"added\": {}}]"}}, {"model": "admin.logentry", "pk": 20, "fields": {"action_time": "2021-01-22T09:31:02.395Z", "user": 1, "content_type": 6, "object_id": "1", "object_repr": "Олежа Туманов 0605 100000 ", "action_flag": 2, "change_message": "[{\"changed\": {\"fields\": [\"First name\", \"Current balance\"]}}]"}}, {"model": "admin.logentry", "pk": 21, "fields": {"action_time": "2021-01-31T17:03:16.610Z", "user": 1, "content_type": 7, "object_id": "12", "object_repr": "Олежа Запупенов 1984 190  Powerbank 200", "action_flag": 2, "change_message": "[{\"changed\": {\"fields\": [\"Status\"]}}]"}}, {"model": "admin.logentry", "pk": 22, "fields": {"action_time": "2021-01-31T17:03:28.691Z", "user": 1, "content_type": 7, "object_id": "11", "object_repr": "Nikitka Tumanka 0605 98600  Powerbank 200", "action_flag": 2, "change_message": "[{\"changed\": {\"fields\": [\"Status\"]}}]"}}, {"model": "admin.logentry", "pk": 23, "fields": {"action_time": "2021-02-08T07:32:41.638Z", "user": 1, "content_type": 9, "object_id": "13", "object_repr": "FileUploader object (13)", "action_flag": 3, "change_message": ""}}, {"model": "admin.logentry", "pk": 24, "fields": {"action_time": "2021-02-08T07:32:41.639Z", "user": 1, "content_type": 9, "object_id": "12", "object_repr": "FileUploader object (12)", "action_flag": 3, "change_message": ""}}, {"model": "admin.logentry", "pk": 25, "fields": {"action_time": "2021-02-08T07:32:41.640Z", "user": 1, "content_type": 9, "object_id": "11", "object_repr": "FileUploader object (11)", "action_flag": 3, "change_message": ""}}, {"model": "admin.logentry", "pk": 26, "fields": {"action_time": "2021-02-08T07:32:41.641Z", "user": 1, "content_type": 9, "object_id": "10", "object_repr": "FileUploader object (10)", "action_flag": 3, "change_message": ""}}, {"model": "admin.logentry", "pk": 27, "fields": {"action_time": "2021-02-08T07:32:41.642Z", "user": 1, "content_type": 9, "object_id": "9", "object_repr": "FileUploader object (9)", "action_flag": 3, "change_message": ""}}, {"model": "admin.logentry", "pk": 28, "fields": {"action_time": "2021-02-08T07:32:41.643Z", "user": 1, "content_type": 9, "object_id": "8", "object_repr": "FileUploader object (8)", "action_flag": 3, "change_message": ""}}, {"model": "admin.logentry", "pk": 29, "fields": {"action_time": "2021-02-08T07:32:41.644Z", "user": 1, "content_type": 9, "object_id": "7", "object_repr": "FileUploader object (7)", "action_flag": 3, "change_message": ""}}, {"model": "admin.logentry", "pk": 30, "fields": {"action_time": "2021-02-08T07:32:41.644Z", "user": 1, "content_type": 9, "object_id": "6", "object_repr": "FileUploader object (6)", "action_flag": 3, "change_message": ""}}, {"model": "admin.logentry", "pk": 31, "fields": {"action_time": "2021-02-08T07:32:41.645Z", "user": 1, "content_type": 9, "object_id": "5", "object_repr": "FileUploader object (5)", "action_flag": 3, "change_message": ""}}, {"model": "admin.logentry", "pk": 32, "fields": {"action_time": "2021-02-08T07:32:41.646Z", "user": 1, "content_type": 9, "object_id": "4", "object_repr": "FileUploader object (4)", "action_flag": 3, "change_message": ""}}, {"model": "admin.logentry", "pk": 33, "fields": {"action_time": "2021-02-08T07:32:41.649Z", "user": 1, "content_type": 9, "object_id": "3", "object_repr": "FileUploader object (3)", "action_flag": 3, "change_message": ""}}, {"model": "admin.logentry", "pk": 34, "fields": {"action_time": "2021-02-08T07:32:41.650Z", "user": 1, "content_type": 9, "object_id": "2", "object_repr": "FileUploader object (2)", "action_flag": 3, "change_message": ""}}, {"model": "admin.logentry", "pk": 35, "fields": {"action_time": "2021-02-08T07:32:41.651Z", "user": 1, "content_type": 9, "object_id": "1", "object_repr": "FileUploader object (1)", "action_flag": 3, "change_message": ""}}, {"model": "admin.logentry", "pk": 36, "fields": {"action_time": "2021-02-08T07:34:22.065Z", "user": 1, "content_type": 12, "object_id": "10", "object_repr": "  1909 150  Auto 100", "action_flag": 3, "change_message": ""}}, {"model": "admin.logentry", "pk": 37, "fields": {"action_time": "2021-02-08T07:34:22.066Z", "user": 1, "content_type": 12, "object_id": "9", "object_repr": "  1357 230  Auto 100", "action_flag": 3, "change_message": ""}}, {"model": "admin.logentry", "pk": 38, "fields": {"action_time": "2021-02-08T07:34:22.068Z", "user": 1, "content_type": 12, "object_id": "8", "object_repr": "  107 0  Претензия -100", "action_flag": 3, "change_message": ""}}, {"model": "admin.logentry", "pk": 39, "fields": {"action_time": "2021-02-08T07:34:22.069Z", "user": 1, "content_type": 12, "object_id": "7", "object_repr": "Олежа Запупенов 1984 190  Претензия -100", "action_flag": 3, "change_message": ""}}, {"model": "admin.logentry", "pk": 40, "fields": {"action_time": "2021-02-08T07:34:22.071Z", "user": 1, "content_type": 12, "object_id": "6", "object_repr": "Олежа Запупенов 1984 190  Претензия -100", "action_flag": 3, "change_message": ""}}, {"model": "admin.logentry", "pk": 41, "fields": {"action_time": "2021-02-08T07:34:22.074Z", "user": 1, "content_type": 12, "object_id": "5", "object_repr": "  901 330  Auto 100", "action_flag": 3, "change_message": ""}}, {"model": "admin.logentry", "pk": 42, "fields": {"action_time": "2021-02-08T07:34:22.075Z", "user": 1, "content_type": 12, "object_id": "4", "object_repr": "Олежа Запупенов 1984 190  Auto 100", "action_flag": 3, "change_message": ""}}, {"model": "admin.logentry", "pk": 43, "fields": {"action_time": "2021-02-08T07:34:22.076Z", "user": 1, "content_type": 12, "object_id": "3", "object_repr": "  901 330  Auto 100", "action_flag": 3, "change_message": ""}}, {"model": "admin.logentry", "pk": 44, "fields": {"action_time": "2021-02-08T07:34:22.076Z", "user": 1, "content_type": 12, "object_id": "2", "object_repr": "Олежа Запупенов 1984 190  Auto 100", "action_flag": 3, "change_message": ""}}, {"model": "admin.logentry", "pk": 45, "fields": {"action_time": "2021-02-08T07:34:22.077Z", "user": 1, "content_type": 12, "object_id": "1", "object_repr": "  901 330  Auto 100", "action_flag": 3, "change_message": ""}}, {"model": "admin.logentry", "pk": 46, "fields": {"action_time": "2021-02-08T07:35:23.717Z", "user": 1, "content_type": 15, "object_id": "6", "object_repr": "2020-12-03   1909 150  ", "action_flag": 3, "change_message": ""}}, {"model": "admin.logentry", "pk": 47, "fields": {"action_time": "2021-02-08T07:35:23.718Z", "user": 1, "content_type": 15, "object_id": "5", "object_repr": "2020-12-03   1357 230  ", "action_flag": 3, "change_message": ""}}, {"model": "admin.logentry", "pk": 48, "fields": {"action_time": "2021-02-08T07:35:23.719Z", "user": 1, "content_type": 15, "object_id": "4", "object_repr": "2020-12-02 Олежа Запупенов 1984 190  ", "action_flag": 3, "change_message": ""}}, {"model": "admin.logentry", "pk": 49, "fields": {"action_time": "2021-02-08T07:35:23.721Z", "user": 1, "content_type": 15, "object_id": "3", "object_repr": "2020-12-02   901 330  ", "action_flag": 3, "change_message": ""}}, {"model": "admin.logentry", "pk": 50, "fields": {"action_time": "2021-02-08T07:35:29.049Z", "user": 1, "content_type": 11, "object_id": "2", "object_repr": "Претензия -100", "action_flag": 3, "change_message": ""}}, {"model": "admin.logentry", "pk": 51, "fields": {"action_time": "2021-02-08T07:35:29.051Z", "user": 1, "content_type": 11, "object_id": "1", "object_repr": "Auto 100", "action_flag": 3, "change_message": ""}}, {"model": "admin.logentry", "pk": 52, "fields": {"action_time": "2021-02-08T07:37:00.154Z", "user": 1, "content_type": 9, "object_id": "17", "object_repr": "FileUploader object (17)", "action_flag": 3, "change_message": ""}}, {"model": "admin.logentry", "pk": 53, "fields": {"action_time": "2021-02-08T07:37:00.156Z", "user": 1, "content_type": 9, "object_id": "16", "object_repr": "FileUploader object (16)", "action_flag": 3, "change_message": ""}}, {"model": "admin.logentry", "pk": 54, "fields": {"action_time": "2021-02-08T07:37:00.157Z", "user": 1, "content_type": 9, "object_id": "15", "object_repr": "FileUploader object (15)", "action_flag": 3, "change_message": ""}}, {"model": "admin.logentry", "pk": 55, "fields": {"action_time": "2021-02-08T07:37:00.158Z", "user": 1, "content_type": 9, "object_id": "14", "object_repr": "FileUploader object (14)", "action_flag": 3, "change_message": ""}}, {"model": "admin.logentry", "pk": 56, "fields": {"action_time": "2021-02-08T07:55:52.714Z", "user": 1, "content_type": 11, "object_id": "3", "object_repr": "Auto 100", "action_flag": 1, "change_message": "[{\"added\": {}}]"}}, {"model": "admin.logentry", "pk": 57, "fields": {"action_time": "2021-02-08T16:32:44.876Z", "user": 1, "content_type": 15, "object_id": "19", "object_repr": "2021-01-06 Олежа Запупенов Result 0", "action_flag": 1, "change_message": "[{\"added\": {}}]"}}, {"model": "admin.logentry", "pk": 58, "fields": {"action_time": "2021-02-08T16:33:12.569Z", "user": 1, "content_type": 15, "object_id": "19", "object_repr": "2021-01-06 Олежа Запупенов Result 1.5", "action_flag": 2, "change_message": "[{\"changed\": {\"fields\": [\"Result\"]}}]"}}, {"model": "admin.logentry", "pk": 59, "fields": {"action_time": "2021-02-09T17:07:18.715Z", "user": 1, "content_type": 15, "object_id": "18", "object_repr": "2020-12-03 Олежа Запупенов Result 0.1", "action_flag": 2, "change_message": "[{\"changed\": {\"fields\": [\"User\"]}}]"}}, {"model": "admin.logentry", "pk": 60, "fields": {"action_time": "2021-02-09T17:07:26.373Z", "user": 1, "content_type": 15, "object_id": "15", "object_repr": "2020-12-02 Олежа Запупенов Result 0.1", "action_flag": 2, "change_message": "[{\"changed\": {\"fields\": [\"User\", \"Transportations\"]}}]"}}, {"model": "admin.logentry", "pk": 61, "fields": {"action_time": "2021-02-22T08:47:17.885Z", "user": 1, "content_type": 15, "object_id": "20", "object_repr": "2021-02-22 Олежа Запупенов Result 1.2", "action_flag": 1, "change_message": "[{\"added\": {}}]"}}, {"model": "admin.logentry", "pk": 62, "fields": {"action_time": "2021-02-22T11:20:39.679Z", "user": 1, "content_type": 15, "object_id": "21", "object_repr": "2021-02-19 Олежа Запупенов Result 1", "action_flag": 1, "change_message": "[{\"added\": {}}]"}}, {"model": "admin.logentry", "pk": 63, "fields": {"action_time": "2021-02-22T11:21:00.364Z", "user": 1, "content_type": 15, "object_id": "22", "object_repr": "2021-02-15 Олежа Запупенов Result 0.8", "action_flag": 1, "change_message": "[{\"added\": {}}]"}}, {"model": "admin.logentry", "pk": 64, "fields": {"action_time": "2021-03-13T13:51:10.596Z", "user": 1, "content_type": 15, "object_id": "23", "object_repr": "2021-02-26 Олежа Запупенов Result 0.8 pick 900", "action_flag": 1, "change_message": "[{\"added\": {}}]"}}, {"model": "admin.logentry", "pk": 65, "fields": {"action_time": "2021-03-13T13:51:32.190Z", "user": 1, "content_type": 15, "object_id": "24", "object_repr": "2021-02-14 Олежа Запупенов Result 1.1 pick 450", "action_flag": 1, "change_message": "[{\"added\": {}}]"}}, {"model": "admin.logentry", "pk": 66, "fields": {"action_time": "2021-03-13T15:46:22.283Z", "user": 1, "content_type": 15, "object_id": "24", "object_repr": "2021-02-14 Олежа Запупенов Result 1.1 pick 450", "action_flag": 2, "change_message": "[]"}}, {"model": "auth.permission", "pk": 1, "fields": {"name": "Can add log entry", "content_type": 1, "codename": "add_logentry"}}, {"model": "auth.permission", "pk": 2, "fields": {"name": "Can change log entry", "content_type": 1, "codename": "change_logentry"}}, {"model": "auth.permission", "pk": 3, "fields": {"name": "Can delete log entry", "content_type": 1, "codename": "delete_logentry"}}, {"model": "auth.permission", "pk": 4, "fields": {"name": "Can view log entry", "content_type": 1, "codename": "view_logentry"}}, {"model": "auth.permission", "pk": 5, "fields": {"name": "Can add permission", "content_type": 2, "codename": "add_permission"}}, {"model": "auth.permission", "pk": 6, "fields": {"name": "Can change permission", "content_type": 2, "codename": "change_permission"}}, {"model": "auth.permission", "pk": 7, "fields": {"name": "Can delete permission", "content_type": 2, "codename": "delete_permission"}}, {"model": "auth.permission", "pk": 8, "fields": {"name": "Can view permission", "content_type": 2, "codename": "view_permission"}}, {"model": "auth.permission", "pk": 9, "fields": {"name": "Can add group", "content_type": 3, "codename": "add_group"}}, {"model": "auth.permission", "pk": 10, "fields": {"name": "Can change group", "content_type": 3, "codename": "change_group"}}, {"model": "auth.permission", "pk": 11, "fields": {"name": "Can delete group", "content_type": 3, "codename": "delete_group"}}, {"model": "auth.permission", "pk": 12, "fields": {"name": "Can view group", "content_type": 3, "codename": "view_group"}}, {"model": "auth.permission", "pk": 13, "fields": {"name": "Can add content type", "content_type": 4, "codename": "add_contenttype"}}, {"model": "auth.permission", "pk": 14, "fields": {"name": "Can change content type", "content_type": 4, "codename": "change_contenttype"}}, {"model": "auth.permission", "pk": 15, "fields": {"name": "Can delete content type", "content_type": 4, "codename": "delete_contenttype"}}, {"model": "auth.permission", "pk": 16, "fields": {"name": "Can view content type", "content_type": 4, "codename": "view_contenttype"}}, {"model": "auth.permission", "pk": 17, "fields": {"name": "Can add session", "content_type": 5, "codename": "add_session"}}, {"model": "auth.permission", "pk": 18, "fields": {"name": "Can change session", "content_type": 5, "codename": "change_session"}}, {"model": "auth.permission", "pk": 19, "fields": {"name": "Can delete session", "content_type": 5, "codename": "delete_session"}}, {"model": "auth.permission", "pk": 20, "fields": {"name": "Can view session", "content_type": 5, "codename": "view_session"}}, {"model": "auth.permission", "pk": 21, "fields": {"name": "Can add user", "content_type": 6, "codename": "add_user"}}, {"model": "auth.permission", "pk": 22, "fields": {"name": "Can change user", "content_type": 6, "codename": "change_user"}}, {"model": "auth.permission", "pk": 23, "fields": {"name": "Can delete user", "content_type": 6, "codename": "delete_user"}}, {"model": "auth.permission", "pk": 24, "fields": {"name": "Can view user", "content_type": 6, "codename": "view_user"}}, {"model": "auth.permission", "pk": 25, "fields": {"name": "Can add order", "content_type": 7, "codename": "add_order"}}, {"model": "auth.permission", "pk": 26, "fields": {"name": "Can change order", "content_type": 7, "codename": "change_order"}}, {"model": "auth.permission", "pk": 27, "fields": {"name": "Can delete order", "content_type": 7, "codename": "delete_order"}}, {"model": "auth.permission", "pk": 28, "fields": {"name": "Can view order", "content_type": 7, "codename": "view_order"}}, {"model": "auth.permission", "pk": 29, "fields": {"name": "Can add good", "content_type": 8, "codename": "add_good"}}, {"model": "auth.permission", "pk": 30, "fields": {"name": "Can change good", "content_type": 8, "codename": "change_good"}}, {"model": "auth.permission", "pk": 31, "fields": {"name": "Can delete good", "content_type": 8, "codename": "delete_good"}}, {"model": "auth.permission", "pk": 32, "fields": {"name": "Can view good", "content_type": 8, "codename": "view_good"}}, {"model": "auth.permission", "pk": 33, "fields": {"name": "Can add file uploader", "content_type": 9, "codename": "add_fileuploader"}}, {"model": "auth.permission", "pk": 34, "fields": {"name": "Can change file uploader", "content_type": 9, "codename": "change_fileuploader"}}, {"model": "auth.permission", "pk": 35, "fields": {"name": "Can delete file uploader", "content_type": 9, "codename": "delete_fileuploader"}}, {"model": "auth.permission", "pk": 36, "fields": {"name": "Can view file uploader", "content_type": 9, "codename": "view_fileuploader"}}, {"model": "auth.permission", "pk": 37, "fields": {"name": "Can add shift result", "content_type": 10, "codename": "add_shiftresult"}}, {"model": "auth.permission", "pk": 38, "fields": {"name": "Can change shift result", "content_type": 10, "codename": "change_shiftresult"}}, {"model": "auth.permission", "pk": 39, "fields": {"name": "Can delete shift result", "content_type": 10, "codename": "delete_shiftresult"}}, {"model": "auth.permission", "pk": 40, "fields": {"name": "Can view shift result", "content_type": 10, "codename": "view_shiftresult"}}, {"model": "auth.permission", "pk": 41, "fields": {"name": "Can add balance modifier", "content_type": 11, "codename": "add_balancemodifier"}}, {"model": "auth.permission", "pk": 42, "fields": {"name": "Can change balance modifier", "content_type": 11, "codename": "change_balancemodifier"}}, {"model": "auth.permission", "pk": 43, "fields": {"name": "Can delete balance modifier", "content_type": 11, "codename": "delete_balancemodifier"}}, {"model": "auth.permission", "pk": 44, "fields": {"name": "Can view balance modifier", "content_type": 11, "codename": "view_balancemodifier"}}, {"model": "auth.permission", "pk": 45, "fields": {"name": "Can add balance modifier history", "content_type": 12, "codename": "add_balancemodifierhistory"}}, {"model": "auth.permission", "pk": 46, "fields": {"name": "Can change balance modifier history", "content_type": 12, "codename": "change_balancemodifierhistory"}}, {"model": "auth.permission", "pk": 47, "fields": {"name": "Can delete balance modifier history", "content_type": 12, "codename": "delete_balancemodifierhistory"}}, {"model": "auth.permission", "pk": 48, "fields": {"name": "Can view balance modifier history", "content_type": 12, "codename": "view_balancemodifierhistory"}}, {"model": "auth.permission", "pk": 49, "fields": {"name": "Can add Token", "content_type": 13, "codename": "add_token"}}, {"model": "auth.permission", "pk": 50, "fields": {"name": "Can change Token", "content_type": 13, "codename": "change_token"}}, {"model": "auth.permission", "pk": 51, "fields": {"name": "Can delete Token", "content_type": 13, "codename": "delete_token"}}, {"model": "auth.permission", "pk": 52, "fields": {"name": "Can view Token", "content_type": 13, "codename": "view_token"}}, {"model": "auth.permission", "pk": 53, "fields": {"name": "Can add token", "content_type": 14, "codename": "add_tokenproxy"}}, {"model": "auth.permission", "pk": 54, "fields": {"name": "Can change token", "content_type": 14, "codename": "change_tokenproxy"}}, {"model": "auth.permission", "pk": 55, "fields": {"name": "Can delete token", "content_type": 14, "codename": "delete_tokenproxy"}}, {"model": "auth.permission", "pk": 56, "fields": {"name": "Can view token", "content_type": 14, "codename": "view_tokenproxy"}}, {"model": "auth.permission", "pk": 57, "fields": {"name": "Can add shifts", "content_type": 15, "codename": "add_shifts"}}, {"model": "auth.permission", "pk": 58, "fields": {"name": "Can change shifts", "content_type": 15, "codename": "change_shifts"}}, {"model": "auth.permission", "pk": 59, "fields": {"name": "Can delete shifts", "content_type": 15, "codename": "delete_shifts"}}, {"model": "auth.permission", "pk": 60, "fields": {"name": "Can view shifts", "content_type": 15, "codename": "view_shifts"}}, {"model": "auth.permission", "pk": 61, "fields": {"name": "Can add shift", "content_type": 15, "codename": "add_shift"}}, {"model": "auth.permission", "pk": 62, "fields": {"name": "Can change shift", "content_type": 15, "codename": "change_shift"}}, {"model": "auth.permission", "pk": 63, "fields": {"name": "Can delete shift", "content_type": 15, "codename": "delete_shift"}}, {"model": "auth.permission", "pk": 64, "fields": {"name": "Can view shift", "content_type": 15, "codename": "view_shift"}}, {"model": "contenttypes.contenttype", "pk": 1, "fields": {"app_label": "admin", "model": "logentry"}}, {"model": "contenttypes.contenttype", "pk": 2, "fields": {"app_label": "auth", "model": "permission"}}, {"model": "contenttypes.contenttype", "pk": 3, "fields": {"app_label": "auth", "model": "group"}}, {"model": "contenttypes.contenttype", "pk": 4, "fields": {"app_label": "contenttypes", "model": "contenttype"}}, {"model": "contenttypes.contenttype", "pk": 5, "fields": {"app_label": "sessions", "model": "session"}}, {"model": "contenttypes.contenttype", "pk": 6, "fields": {"app_label": "backend", "model": "user"}}, {"model": "contenttypes.contenttype", "pk": 7, "fields": {"app_label": "backend", "model": "order"}}, {"model": "contenttypes.contenttype", "pk": 8, "fields": {"app_label": "backend", "model": "good"}}, {"model": "contenttypes.contenttype", "pk": 9, "fields": {"app_label": "backend", "model": "fileuploader"}}, {"model": "contenttypes.contenttype", "pk": 10, "fields": {"app_label": "backend", "model": "shiftresult"}}, {"model": "contenttypes.contenttype", "pk": 11, "fields": {"app_label": "backend", "model": "balancemodifier"}}, {"model": "contenttypes.contenttype", "pk": 12, "fields": {"app_label": "backend", "model": "balancemodifierhistory"}}, {"model": "contenttypes.contenttype", "pk": 13, "fields": {"app_label": "authtoken", "model": "token"}}, {"model": "contenttypes.contenttype", "pk": 14, "fields": {"app_label": "authtoken", "model": "tokenproxy"}}, {"model": "contenttypes.contenttype", "pk": 15, "fields": {"app_label": "backend", "model": "shift"}}, {"model": "sessions.session", "pk": "3ld4uiianf61b553c5gp9p8lrq0vzk17", "fields": {"session_data": ".eJxVjDsOwyAQBe9CHSH-xinT-wxol4XgJALJ2FWUu0dILpL2zcx7swDHXsLR0xZWYlcm2eV3Q4jPVAegB9R747HVfVuRD4WftPOlUXrdTvfvoEAvo55TnMhaI1FkH6NyyrrZaZJWozHg0RMoY7xVhJocCpFxktnmmETSkn2-4e03-A:1lL4et:4aOO7LQq_WZ2dhODMrY653X4hS23ph-hPOl7Tm1mI0w", "expire_date": "2021-03-27T13:50:23.241Z"}}, {"model": "sessions.session", "pk": "lrgq34n2rerkzcb8ktuirq06srjdop4r", "fields": {"session_data": ".eJxVjDsOwyAQBe9CHSH-xinT-wxol4XgJALJ2FWUu0dILpL2zcx7swDHXsLR0xZWYlcm2eV3Q4jPVAegB9R747HVfVuRD4WftPOlUXrdTvfvoEAvo55TnMhaI1FkH6NyyrrZaZJWozHg0RMoY7xVhJocCpFxktnmmETSkn2-4e03-A:1ktZvY:LQCMG6KeRvgJMh6_9RpaEHahnY1Yz0ZyvEMjFsFj9io", "expire_date": "2021-01-10T17:33:56.020Z"}}, {"model": "sessions.session", "pk": "p6tv1u0m70hy5x3k6b0alqlmgabrr5f7", "fields": {"session_data": ".eJxVjDsOwyAQBe9CHSH-xinT-wxol4XgJALJ2FWUu0dILpL2zcx7swDHXsLR0xZWYlcm2eV3Q4jPVAegB9R747HVfVuRD4WftPOlUXrdTvfvoEAvo55TnMhaI1FkH6NyyrrZaZJWozHg0RMoY7xVhJocCpFxktnmmETSkn2-4e03-A:1l6G7u:Ef7iZEN-K23EDThAiQKOMvr09yPZledubmKwP0yVYZo", "expire_date": "2021-02-14T17:03:06.449Z"}}, {"model": "sessions.session", "pk": "pn8ty67d3gcwka10n9pyb0eqx10zupuk", "fields": {"session_data": ".eJxVjDsOwyAQBe9CHSH-xinT-wxol4XgJALJ2FWUu0dILpL2zcx7swDHXsLR0xZWYlcm2eV3Q4jPVAegB9R747HVfVuRD4WftPOlUXrdTvfvoEAvo55TnMhaI1FkH6NyyrrZaZJWozHg0RMoY7xVhJocCpFxktnmmETSkn2-4e03-A:1kvitr:u-r14lFdKnDLAMf0Gp7YhO3aSDQHdoBJcn6E6k8t4zg", "expire_date": "2021-01-16T15:33:03.160Z"}}, {"model": "sessions.session", "pk": "ti04qjuyyimdc56sfvxx1b6upupj198b", "fields": {"session_data": ".eJxVjDsOwyAQBe9CHSH-xinT-wxol4XgJALJ2FWUu0dILpL2zcx7swDHXsLR0xZWYlcm2eV3Q4jPVAegB9R747HVfVuRD4WftPOlUXrdTvfvoEAvo55TnMhaI1FkH6NyyrrZaZJWozHg0RMoY7xVhJocCpFxktnmmETSkn2-4e03-A:1lBgxC:vco8R33_bVqKFBoYiubrbHhQLS_DTVvGBHurAma8dC0", "expire_date": "2021-03-01T16:42:30.452Z"}}, {"model": "sessions.session", "pk": "ttj9xx9rxbxxxc3fhp09m6lq1yw3u7c7", "fields": {"session_data": ".eJxVjDsOwyAQBe9CHSH-xinT-wxol4XgJALJ2FWUu0dILpL2zcx7swDHXsLR0xZWYlcm2eV3Q4jPVAegB9R747HVfVuRD4WftPOlUXrdTvfvoEAvo55TnMhaI1FkH6NyyrrZaZJWozHg0RMoY7xVhJocCpFxktnmmETSkn2-4e03-A:1l11zz:BZJ9eh-9F0hW47icGorT4NL14pwBswe1J0livQ6FauU", "expire_date": "2021-01-31T06:57:19.895Z"}}, {"model": "backend.user", "pk": 1, "fields": {"password": "pbkdf2_sha256$216000$uOf5LJETVnN1$xUnEjIyU3DqxGFvol0htxnRtSCup3vcuypWUdC63G3E=", "last_login": "2021-03-13T13:50:23.235Z", "is_superuser": true, "is_staff": true, "date_joined": "2020-12-27T17:31:39Z", "wms_id": "0605", "first_name": "Nikitka", "last_name": "Tumanka", "email": "omgorganica@yandex.ru", "current_balance": 97900, "image": "images/photo.jpg", "is_active": true, "groups": [], "user_permissions": []}}, {"model": "backend.user", "pk": 2, "fields": {"password": "pbkdf2_sha256$216000$Udlu7opqF0vf$WonZOqfsesVL7qi/dZiIDKvcT29j3ELE/3E2EZXsJ2o=", "last_login": null, "is_superuser": false, "is_staff": false, "date_joined": "2020-12-27T17:35:11.068Z", "wms_id": "1", "first_name": "", "last_name": "", "email": "test-1@yandex.ru", "current_balance": 0, "image": "None", "is_active": true, "groups": [], "user_permissions": []}}, {"model": "backend.user", "pk": 3, "fields": {"password": "pbkdf2_sha256$216000$pwemNtUrXIUs$zqfLq5l+Qs+st1QRhyiEpAZl+ayL7zvAf0U7vMR/tHQ=", "last_login": null, "is_superuser": false, "is_staff": false, "date_joined": "2020-12-27T17:35:11.148Z", "wms_id": "2", "first_name": "", "last_name": "", "email": "test-2@yandex.ru", "current_balance": 0, "image": "None", "is_active": true, "groups": [], "user_permissions": []}}, {"model": "backend.user", "pk": 4, "fields": {"password": "pbkdf2_sha256$216000$dOaYGgWpnEb3$IPkuGPhHV9/SlRb9xvXikih5cExZZh6Gqy4ddNBSBh4=", "last_login": null, "is_superuser": false, "is_staff": false, "date_joined": "2020-12-27T17:35:11.232Z", "wms_id": "3", "first_name": "", "last_name": "", "email": "test-3@yandex.ru", "current_balance": 0, "image": "None", "is_active": true, "groups": [], "user_permissions": []}}, {"model": "backend.user", "pk": 5, "fields": {"password": "pbkdf2_sha256$216000$qXjNhb02DKW8$4iVnuH9q/jxt6bzSFJEWWjSYVgueCaopiBtzO+Df82E=", "last_login": null, "is_superuser": false, "is_staff": false, "date_joined": "2020-12-27T17:35:11.314Z", "wms_id": "4", "first_name": "", "last_name": "", "email": "test-4@yandex.ru", "current_balance": 0, "image": "None", "is_active": true, "groups": [], "user_permissions": []}}, {"model": "backend.user", "pk": 6, "fields": {"password": "pbkdf2_sha256$216000$5ICj4fmCFQzX$OdeXaeGOzK4iBNT3IyYeiEeVuP7zwYaCrqlgdjf4LZs=", "last_login": null, "is_superuser": false, "is_staff": false, "date_joined": "2020-12-27T17:35:11.406Z", "wms_id": "11", "first_name": "", "last_name": "", "email": "test-11@yandex.ru", "current_balance": 0, "image": "None", "is_active": true, "groups": [], "user_permissions": []}}, {"model": "backend.user", "pk": 7, "fields": {"password": "pbkdf2_sha256$216000$cKxufnffJzj3$uzx5pDs6a/5Vug1bHaFj1Aii8ai9k0AbhvqrbZZftJw=", "last_login": null, "is_superuser": false, "is_staff": false, "date_joined": "2020-12-27T17:35:11.490Z", "wms_id": "107", "first_name": "", "last_name": "", "email": "test-107@yandex.ru", "current_balance": 0, "image": "None", "is_active": true, "groups": [], "user_permissions": []}}, {"model": "backend.user", "pk": 8, "fields": {"password": "pbkdf2_sha256$216000$EoDdmei9kLeM$jUfPM9ElmsC51bXAOXHB2TZk0Y6Fo8fcXr7HgZceZe0=", "last_login": null, "is_superuser": false, "is_staff": false, "date_joined": "2020-12-27T17:35:11.571Z", "wms_id": "123", "first_name": "", "last_name": "", "email": "test-123@yandex.ru", "current_balance": 110, "image": "None", "is_active": true, "groups": [], "user_permissions": []}}, {"model": "backend.user", "pk": 9, "fields": {"password": "pbkdf2_sha256$216000$tzomcKGJzZan$/gsoGLzxCi1n/yzX+W7m727XEBh7f7v9mzglZaCE8/c=", "last_login": null, "is_superuser": false, "is_staff": false, "date_joined": "2020-12-27T17:35:11.657Z", "wms_id": "203", "first_name": "", "last_name": "", "email": "test-203@yandex.ru", "current_balance": 0, "image": "None", "is_active": true, "groups": [], "user_permissions": []}}, {"model": "backend.user", "pk": 10, "fields": {"password": "pbkdf2_sha256$216000$j4i0Mj6zDAyx$d4m9dIceb7WEL1Q2z4HB/9JMTxBohQUmCq36diWu9Tw=", "last_login": null, "is_superuser": false, "is_staff": false, "date_joined": "2020-12-27T17:35:11.740Z", "wms_id": "305", "first_name": "", "last_name": "", "email": "test-305@yandex.ru", "current_balance": 0, "image": "None", "is_active": true, "groups": [], "user_permissions": []}}, {"model": "backend.user", "pk": 11, "fields": {"password": "pbkdf2_sha256$216000$33eDwvX5UxTy$rhdFq2Cth9gM55NFggexrj0ZWJttGwzRUsOyr13LUqQ=", "last_login": null, "is_superuser": false, "is_staff": false, "date_joined": "2020-12-27T17:35:11.827Z", "wms_id": "401", "first_name": "", "last_name": "", "email": "test-401@yandex.ru", "current_balance": 0, "image": "None", "is_active": true, "groups": [], "user_permissions": []}}, {"model": "backend.user", "pk": 12, "fields": {"password": "pbkdf2_sha256$216000$l7c14Uf0Jpc1$Wxkson1Me/R4NZNLAbq04N6Ut+FQdy/XsCZ/UXJb5dk=", "last_login": null, "is_superuser": false, "is_staff": false, "date_joined": "2020-12-27T17:35:11.908Z", "wms_id": "403", "first_name": "", "last_name": "", "email": "test-403@yandex.ru", "current_balance": 0, "image": "None", "is_active": true, "groups": [], "user_permissions": []}}, {"model": "backend.user", "pk": 13, "fields": {"password": "pbkdf2_sha256$216000$01jmxGxAOfcd$iaPj/JxWD1ZDtCivrWLqbccJzhWZnf9jb6bWO0t2S2o=", "last_login": null, "is_superuser": false, "is_staff": false, "date_joined": "2020-12-27T17:35:11.991Z", "wms_id": "405", "first_name": "", "last_name": "", "email": "test-405@yandex.ru", "current_balance": 0, "image": "None", "is_active": true, "groups": [], "user_permissions": []}}, {"model": "backend.user", "pk": 14, "fields": {"password": "pbkdf2_sha256$216000$Vm7i7pU5YEs7$0eVAUH8Q9UP2DJfq4HMbij8NgSGYBNwyzLs56dAe49U=", "last_login": null, "is_superuser": false, "is_staff": false, "date_joined": "2020-12-27T17:35:12.074Z", "wms_id": "503", "first_name": "", "last_name": "", "email": "test-503@yandex.ru", "current_balance": 0, "image": "None", "is_active": true, "groups": [], "user_permissions": []}}, {"model": "backend.user", "pk": 15, "fields": {"password": "pbkdf2_sha256$216000$AnKmMu8yD3i2$tAj+RGM9ot7CNoDpKboPxIoEjyQy+CfHMts3lIGPvfM=", "last_login": null, "is_superuser": false, "is_staff": false, "date_joined": "2020-12-27T17:35:12.154Z", "wms_id": "504", "first_name": "", "last_name": "", "email": "test-504@yandex.ru", "current_balance": 0, "image": "None", "is_active": true, "groups": [], "user_permissions": []}}, {"model": "backend.user", "pk": 16, "fields": {"password": "pbkdf2_sha256$216000$pMFFyZVfoa9O$ZM8PSmt9XWZQo/z2uO8gzPp1H3XIZj4oh38TuDwFJqE=", "last_login": null, "is_superuser": false, "is_staff": false, "date_joined": "2020-12-27T17:35:12.234Z", "wms_id": "508", "first_name": "", "last_name": "", "email": "test-508@yandex.ru", "current_balance": 0, "image": "None", "is_active": true, "groups": [], "user_permissions": []}}, {"model": "backend.user", "pk": 17, "fields": {"password": "pbkdf2_sha256$216000$IS2SbSfFquYn$Ln028zuI7qk2yuAKFL4tYYUnVwE/RELRJKTmcWeCeEE=", "last_login": null, "is_superuser": false, "is_staff": false, "date_joined": "2020-12-27T17:35:12.317Z", "wms_id": "605", "first_name": "", "last_name": "", "email": "test-605@yandex.ru", "current_balance": 0, "image": "None", "is_active": true, "groups": [], "user_permissions": []}}, {"model": "backend.user", "pk": 18, "fields": {"password": "pbkdf2_sha256$216000$v9GBEhzfFTo3$6eEhVbbqi1IrF37lN1ZLQnLIpzwyJHYcYPSf29U8b20=", "last_login": null, "is_superuser": false, "is_staff": false, "date_joined": "2020-12-27T17:35:12.401Z", "wms_id": "701", "first_name": "", "last_name": "", "email": "test-701@yandex.ru", "current_balance": 0, "image": "None", "is_active": true, "groups": [], "user_permissions": []}}, {"model": "backend.user", "pk": 19, "fields": {"password": "pbkdf2_sha256$216000$PlOY6VFGTrfq$KbMNcrRi1fuQEcDRzao3k6ERUlg2TuDXkOf+wdQgMxE=", "last_login": null, "is_superuser": false, "is_staff": false, "date_joined": "2020-12-27T17:35:12.483Z", "wms_id": "706", "first_name": "", "last_name": "", "email": "test-706@yandex.ru", "current_balance": 0, "image": "None", "is_active": true, "groups": [], "user_permissions": []}}, {"model": "backend.user", "pk": 20, "fields": {"password": "pbkdf2_sha256$216000$8EVBEtkuoHch$YjEqMTvqs849QaNoIycO0kJG0Xw8jBCVqsa/2y/S3NA=", "last_login": null, "is_superuser": false, "is_staff": false, "date_joined": "2020-12-27T17:35:12.565Z", "wms_id": "812", "first_name": "", "last_name": "", "email": "test-812@yandex.ru", "current_balance": 0, "image": "None", "is_active": true, "groups": [], "user_permissions": []}}, {"model": "backend.user", "pk": 21, "fields": {"password": "pbkdf2_sha256$216000$ucqYogjdyl3s$XA3VI3J1TJeMOj/RyVpOFrOpxAfvzdsu/OrG1HSyZv0=", "last_login": null, "is_superuser": false, "is_staff": false, "date_joined": "2020-12-27T17:35:12.649Z", "wms_id": "901", "first_name": "", "last_name": "", "email": "test-901@yandex.ru", "current_balance": 440, "image": "None", "is_active": true, "groups": [], "user_permissions": []}}, {"model": "backend.user", "pk": 22, "fields": {"password": "pbkdf2_sha256$216000$TbNVQirGvWa6$H0mTOZ7rkfSrxorsC38S5N7RY9KeYFyiKYbk2PBihgA=", "last_login": null, "is_superuser": false, "is_staff": false, "date_joined": "2020-12-27T17:35:12.730Z", "wms_id": "905", "first_name": "", "last_name": "", "email": "test-905@yandex.ru", "current_balance": 0, "image": "None", "is_active": true, "groups": [], "user_permissions": []}}, {"model": "backend.user", "pk": 23, "fields": {"password": "pbkdf2_sha256$216000$G9lItq6ACPK4$JHVrrNhKc9Gc/TFTb6t/3wLcmmPU8HnCVBkkUGxTM1c=", "last_login": null, "is_superuser": false, "is_staff": false, "date_joined": "2020-12-27T17:35:12.810Z", "wms_id": "908", "first_name": "", "last_name": "", "email": "test-908@yandex.ru", "current_balance": 0, "image": "None", "is_active": true, "groups": [], "user_permissions": []}}, {"model": "backend.user", "pk": 24, "fields": {"password": "pbkdf2_sha256$216000$3k1OUKPXLr8w$nzDZ8ELIKLqdwTO6xcflSa27KwzG6mRLexikfoyMzvI=", "last_login": null, "is_superuser": false, "is_staff": false, "date_joined": "2020-12-27T17:35:12.893Z", "wms_id": "1001", "first_name": "", "last_name": "", "email": "test-1001@yandex.ru", "current_balance": 0, "image": "None", "is_active": true, "groups": [], "user_permissions": []}}, {"model": "backend.user", "pk": 25, "fields": {"password": "pbkdf2_sha256$216000$CvogG7bUVrLt$W37tdVFq1SDdoLWLxi/bWUmj4aMgETncpmzrgbfTdyI=", "last_login": null, "is_superuser": false, "is_staff": false, "date_joined": "2020-12-27T17:35:12.974Z", "wms_id": "1002", "first_name": "", "last_name": "", "email": "test-1002@yandex.ru", "current_balance": 0, "image": "None", "is_active": true, "groups": [], "user_permissions": []}}, {"model": "backend.user", "pk": 26, "fields": {"password": "pbkdf2_sha256$216000$MNMGnebh5Bpm$VkgkKSCMYT/U+VpjEjc5AXy+ToZhOwxm1Yody19Ftmw=", "last_login": null, "is_superuser": false, "is_staff": false, "date_joined": "2020-12-27T17:35:13.058Z", "wms_id": "1004", "first_name": "", "last_name": "", "email": "test-1004@yandex.ru", "current_balance": 0, "image": "None", "is_active": true, "groups": [], "user_permissions": []}}, {"model": "backend.user", "pk": 27, "fields": {"password": "pbkdf2_sha256$216000$qb7PfJ2JQ7QV$IiHZ8LrLLeTzOKMQNtDAVLxFYop5m1VbXwomJTBF01o=", "last_login": null, "is_superuser": false, "is_staff": false, "date_joined": "2020-12-27T17:35:13.141Z", "wms_id": "1008", "first_name": "", "last_name": "", "email": "test-1008@yandex.ru", "current_balance": 0, "image": "None", "is_active": true, "groups": [], "user_permissions": []}}, {"model": "backend.user", "pk": 28, "fields": {"password": "pbkdf2_sha256$216000$dfkS0Me0cr9E$7MFWzJONLJ6SLx+X2vgfpWODrHWxITWy1I1vC/XEsjg=", "last_login": null, "is_superuser": false, "is_staff": false, "date_joined": "2020-12-27T17:35:13.222Z", "wms_id": "1015", "first_name": "", "last_name": "", "email": "test-1015@yandex.ru", "current_balance": 0, "image": "None", "is_active": true, "groups": [], "user_permissions": []}}, {"model": "backend.user", "pk": 29, "fields": {"password": "pbkdf2_sha256$216000$rNvFMfChM2CN$dpxPZoK160yQpaB4dtJjWNzt62+10ZsSGVwjI5jBsTU=", "last_login": null, "is_superuser": false, "is_staff": false, "date_joined": "2020-12-27T17:35:13.301Z", "wms_id": "1022", "first_name": "", "last_name": "", "email": "test-1022@yandex.ru", "current_balance": 0, "image": "None", "is_active": true, "groups": [], "user_permissions": []}}, {"model": "backend.user", "pk": 30, "fields": {"password": "pbkdf2_sha256$216000$ULRdmGKfKjIW$0px1UK6LJHK1h5EON7OsuNL8YKOwu1qjiHYq3Dh9ipc=", "last_login": null, "is_superuser": false, "is_staff": false, "date_joined": "2020-12-27T17:35:13.386Z", "wms_id": "1110", "first_name": "", "last_name": "", "email": "test-1110@yandex.ru", "current_balance": 0, "image": "None", "is_active": true, "groups": [], "user_permissions": []}}, {"model": "backend.user", "pk": 31, "fields": {"password": "pbkdf2_sha256$216000$jH2jPaXsNgQp$L0rO+e5HW3lOU5EhEntibbNfPQMHd4NrGG1O9Xw00ow=", "last_login": null, "is_superuser": false, "is_staff": false, "date_joined": "2020-12-27T17:35:13.468Z", "wms_id": "1112", "first_name": "", "last_name": "", "email": "test-1112@yandex.ru", "current_balance": 0, "image": "None", "is_active": true, "groups": [], "user_permissions": []}}, {"model": "backend.user", "pk": 32, "fields": {"password": "pbkdf2_sha256$216000$iEHWv4VkgkG4$Hh7zCorbXrjqKx/FKNKGBfypLuc5KqOfciJCTxc7oDc=", "last_login": null, "is_superuser": false, "is_staff": false, "date_joined": "2020-12-27T17:35:13.550Z", "wms_id": "1118", "first_name": "", "last_name": "", "email": "test-1118@yandex.ru", "current_balance": 0, "image": "None", "is_active": true, "groups": [], "user_permissions": []}}, {"model": "backend.user", "pk": 33, "fields": {"password": "pbkdf2_sha256$216000$y2pI3uogSwhU$LDKghTncMon+Trk/CZlOC5vZj2hAlsY7dJsvt1qPVE8=", "last_login": null, "is_superuser": false, "is_staff": false, "date_joined": "2020-12-27T17:35:13.628Z", "wms_id": "1120", "first_name": "", "last_name": "", "email": "test-1120@yandex.ru", "current_balance": 0, "image": "None", "is_active": true, "groups": [], "user_permissions": []}}, {"model": "backend.user", "pk": 34, "fields": {"password": "pbkdf2_sha256$216000$8NsQMI1BCKeY$41FIi5c15HF/jRxybseCu/53Lu5Upr+3aEpNEdKy3IA=", "last_login": null, "is_superuser": false, "is_staff": false, "date_joined": "2020-12-27T17:35:13.710Z", "wms_id": "1122", "first_name": "", "last_name": "", "email": "test-1122@yandex.ru", "current_balance": 0, "image": "None", "is_active": true, "groups": [], "user_permissions": []}}, {"model": "backend.user", "pk": 35, "fields": {"password": "pbkdf2_sha256$216000$jbulczF8qgPn$Z0nR+aSdK3Knohb1NX47iDdeAG+j/ks7K4RERdMONi0=", "last_login": null, "is_superuser": false, "is_staff": false, "date_joined": "2020-12-27T17:35:13.790Z", "wms_id": "11234", "first_name": "", "last_name": "", "email": "test-11234@yandex.ru", "current_balance": 0, "image": "None", "is_active": true, "groups": [], "user_permissions": []}}, {"model": "backend.user", "pk": 36, "fields": {"password": "pbkdf2_sha256$216000$nEQtNJJumBN1$YtKZYEdc90JAt7bE09LpEH1jNnwh30VlWI3FS8bPB04=", "last_login": null, "is_superuser": false, "is_staff": false, "date_joined": "2020-12-27T17:35:13.872Z", "wms_id": "1125", "first_name": "", "last_name": "", "email": "test-1125@yandex.ru", "current_balance": 0, "image": "None", "is_active": true, "groups": [], "user_permissions": []}}, {"model": "backend.user", "pk": 37, "fields": {"password": "pbkdf2_sha256$216000$aQyfsdyDwNGS$0rAB2EJSkvvkdEXqUfQWWTuZrLUMZ54qVxpvuCIkv2k=", "last_login": null, "is_superuser": false, "is_staff": false, "date_joined": "2020-12-27T17:35:13.952Z", "wms_id": "1203", "first_name": "", "last_name": "", "email": "test-1203@yandex.ru", "current_balance": 0, "image": "None", "is_active": true, "groups": [], "user_permissions": []}}, {"model": "backend.user", "pk": 38, "fields": {"password": "pbkdf2_sha256$216000$7Y87t5qTcLSu$cT+t0G80KkKpUIyeVnM4TBhKJ0tUvepAfkFLHmAIYaA=", "last_login": null, "is_superuser": false, "is_staff": false, "date_joined": "2020-12-27T17:35:14.037Z", "wms_id": "1205", "first_name": "", "last_name": "", "email": "test-1205@yandex.ru", "current_balance": 0, "image": "None", "is_active": true, "groups": [], "user_permissions": []}}, {"model": "backend.user", "pk": 39, "fields": {"password": "pbkdf2_sha256$216000$9iLXjG81l2R8$7wB1G22Y2GwZm/A/hqAYE5vF645DAacLh+6AXzG96yI=", "last_login": null, "is_superuser": false, "is_staff": false, "date_joined": "2020-12-27T17:35:14.117Z", "wms_id": "1206", "first_name": "", "last_name": "", "email": "test-1206@yandex.ru", "current_balance": 0, "image": "None", "is_active": true, "groups": [], "user_permissions": []}}, {"model": "backend.user", "pk": 40, "fields": {"password": "pbkdf2_sha256$216000$aQzRVyKYoliO$XTZ9kl9RgvlFXPp2cJl9+Ou90eBEtUedRagXjK4T1dU=", "last_login": null, "is_superuser": false, "is_staff": false, "date_joined": "2020-12-27T17:35:14.196Z", "wms_id": "1208", "first_name": "", "last_name": "", "email": "test-1208@yandex.ru", "current_balance": 0, "image": "None", "is_active": true, "groups": [], "user_permissions": []}}, {"model": "backend.user", "pk": 41, "fields": {"password": "pbkdf2_sha256$216000$my0N6XvOG8Wx$pB8VZ5j3dRRr7Xl33BGZFDTAQW3llGf1mWwdgXHYZus=", "last_login": null, "is_superuser": false, "is_staff": false, "date_joined": "2020-12-27T17:35:14.284Z", "wms_id": "1212", "first_name": "", "last_name": "", "email": "test-1212@yandex.ru", "current_balance": 0, "image": "None", "is_active": true, "groups": [], "user_permissions": []}}, {"model": "backend.user", "pk": 42, "fields": {"password": "pbkdf2_sha256$216000$D17zToqbARJA$f2W8A906yhuxQUAxoKpDSeK3axCzDFgwE64NJ8ZNymY=", "last_login": null, "is_superuser": false, "is_staff": false, "date_joined": "2020-12-27T17:35:14.365Z", "wms_id": "1230", "first_name": "", "last_name": "", "email": "test-1230@yandex.ru", "current_balance": 0, "image": "None", "is_active": true, "groups": [], "user_permissions": []}}, {"model": "backend.user", "pk": 43, "fields": {"password": "pbkdf2_sha256$216000$SUDCxcjhbiEn$VZBoHVbSI3hw4GocDnIY5OX9bccHfW8XLpMsSn7QEsk=", "last_login": null, "is_superuser": false, "is_staff": false, "date_joined": "2020-12-27T17:35:14.447Z", "wms_id": "1231", "first_name": "", "last_name": "", "email": "test-1231@yandex.ru", "current_balance": 0, "image": "None", "is_active": true, "groups": [], "user_permissions": []}}, {"model": "backend.user", "pk": 44, "fields": {"password": "pbkdf2_sha256$216000$UU7gsTowup9W$RJUFrxmw/9COMaoY3Z4jrFLMjQHEFQPyR1PGi2ZSbuQ=", "last_login": null, "is_superuser": false, "is_staff": false, "date_joined": "2020-12-27T17:35:14.534Z", "wms_id": "1306", "first_name": "", "last_name": "", "email": "test-1306@yandex.ru", "current_balance": 0, "image": "None", "is_active": true, "groups": [], "user_permissions": []}}, {"model": "backend.user", "pk": 45, "fields": {"password": "pbkdf2_sha256$216000$Cb79Ly8tWr9j$wxVa3MyDm4UE5jVdp1kv8i1LcHsLDbN18hqsd/rg8eM=", "last_login": null, "is_superuser": false, "is_staff": false, "date_joined": "2020-12-27T17:35:14.614Z", "wms_id": "1313", "first_name": "", "last_name": "", "email": "test-1313@yandex.ru", "current_balance": 0, "image": "None", "is_active": true, "groups": [], "user_permissions": []}}, {"model": "backend.user", "pk": 46, "fields": {"password": "pbkdf2_sha256$216000$6qqfTiQ9Teat$CCZ1yaDXhA9yYuiurcNOoILQwZNhWIHBcgFr6Znely0=", "last_login": null, "is_superuser": false, "is_staff": false, "date_joined": "2020-12-27T17:35:14.699Z", "wms_id": "1352", "first_name": "", "last_name": "", "email": "test-1352@yandex.ru", "current_balance": 0, "image": "None", "is_active": true, "groups": [], "user_permissions": []}}, {"model": "backend.user", "pk": 47, "fields": {"password": "pbkdf2_sha256$216000$Cqrp1yMU23GJ$6Lf0AyWRdEbQkBPQ/b2vUcZ3DoOluyTTNPjZOdeBjp8=", "last_login": null, "is_superuser": false, "is_staff": false, "date_joined": "2020-12-27T17:35:14.778Z", "wms_id": "1356", "first_name": "", "last_name": "", "email": "test-1356@yandex.ru", "current_balance": 0, "image": "None", "is_active": true, "groups": [], "user_permissions": []}}, {"model": "backend.user", "pk": 48, "fields": {"password": "pbkdf2_sha256$216000$CWBz4opPqokc$dHwTqsj0RyZG9LBzYTLlea2YID2t45UoS7zEp1m8dKE=", "last_login": null, "is_superuser": false, "is_staff": false, "date_joined": "2020-12-27T17:35:14.858Z", "wms_id": "1357", "first_name": "", "last_name": "", "email": "test-1357@yandex.ru", "current_balance": 460, "image": "None", "is_active": true, "groups": [], "user_permissions": []}}, {"model": "backend.user", "pk": 49, "fields": {"password": "pbkdf2_sha256$216000$u9uDyrhLmSD8$igKYSnfOKpHN+auCI1g4fe16qOaSVqbwrLv25xolWQg=", "last_login": null, "is_superuser": false, "is_staff": false, "date_joined": "2020-12-27T17:35:14.944Z", "wms_id": "1505", "first_name": "", "last_name": "", "email": "test-1505@yandex.ru", "current_balance": 0, "image": "None", "is_active": true, "groups": [], "user_permissions": []}}, {"model": "backend.user", "pk": 50, "fields": {"password": "pbkdf2_sha256$216000$1sNA3Q9fjpRd$sOGOrLEFLoAYdrFuwQlrmCGY3GegyKzOvuq7SoMaHi4=", "last_login": null, "is_superuser": false, "is_staff": false, "date_joined": "2020-12-27T17:35:15.033Z", "wms_id": "1593", "first_name": "", "last_name": "", "email": "test-1593@yandex.ru", "current_balance": 0, "image": "None", "is_active": true, "groups": [], "user_permissions": []}}, {"model": "backend.user", "pk": 51, "fields": {"password": "pbkdf2_sha256$216000$jA5s0w3YmQzz$k6jQnRTTVRESCmH99rH/laUdWe/TDsztD4+11aMAwmg=", "last_login": null, "is_superuser": false, "is_staff": false, "date_joined": "2020-12-27T17:35:15.110Z", "wms_id": "1601", "first_name": "", "last_name": "", "email": "test-1601@yandex.ru", "current_balance": 0, "image": "None", "is_active": true, "groups": [], "user_permissions": []}}, {"model": "backend.user", "pk": 52, "fields": {"password": "pbkdf2_sha256$216000$3Sw9doGaH3PM$PWVPN+YTzy8zIW2AO7DIAEdQxZV9XWslZ4g2cmxcWJc=", "last_login": null, "is_superuser": false, "is_staff": false, "date_joined": "2020-12-27T17:35:15.189Z", "wms_id": "1602", "first_name": "", "last_name": "", "email": "test-1602@yandex.ru", "current_balance": 0, "image": "None", "is_active": true, "groups": [], "user_permissions": []}}, {"model": "backend.user", "pk": 53, "fields": {"password": "pbkdf2_sha256$216000$63knYhttR68n$zXh4V8jNi2i843I2er69oAeUqFXlgDWgtYELfiu/Bco=", "last_login": null, "is_superuser": false, "is_staff": false, "date_joined": "2020-12-27T17:35:15.267Z", "wms_id": "1604", "first_name": "", "last_name": "", "email": "test-1604@yandex.ru", "current_balance": 0, "image": "None", "is_active": true, "groups": [], "user_permissions": []}}, {"model": "backend.user", "pk": 54, "fields": {"password": "pbkdf2_sha256$216000$edTdLYIL2MdF$+xdUk3olUDfxhX208hfgKROvMQDuqXlnjvIG4D9HvoE=", "last_login": null, "is_superuser": false, "is_staff": false, "date_joined": "2020-12-27T17:35:15.347Z", "wms_id": "1627", "first_name": "", "last_name": "", "email": "test-1627@yandex.ru", "current_balance": 0, "image": "None", "is_active": true, "groups": [], "user_permissions": []}}, {"model": "backend.user", "pk": 55, "fields": {"password": "pbkdf2_sha256$216000$aEt69Pa1dwGO$NWwTclpVLRQOoubcKOpxJM81MRXwnvvSvNgDQrlTUEk=", "last_login": null, "is_superuser": false, "is_staff": false, "date_joined": "2020-12-27T17:35:15.427Z", "wms_id": "1702", "first_name": "", "last_name": "", "email": "test-1702@yandex.ru", "current_balance": 0, "image": "None", "is_active": true, "groups": [], "user_permissions": []}}, {"model": "backend.user", "pk": 56, "fields": {"password": "pbkdf2_sha256$216000$JnbluyQYbO5X$YJmAJ1fn5VG7sARnqVJig33FRnU03Nr/jQYAgi8F1W4=", "last_login": null, "is_superuser": false, "is_staff": false, "date_joined": "2020-12-27T17:35:15.511Z", "wms_id": "1703", "first_name": "", "last_name": "", "email": "test-1703@yandex.ru", "current_balance": 10, "image": "None", "is_active": true, "groups": [], "user_permissions": []}}, {"model": "backend.user", "pk": 57, "fields": {"password": "pbkdf2_sha256$216000$phy8DKhpPN25$bOqBm9nl4zCORswpyxj4BhqvbsHOgMVrFGfdYZ7Ok8o=", "last_login": null, "is_superuser": false, "is_staff": false, "date_joined": "2020-12-27T17:35:15.596Z", "wms_id": "1804", "first_name": "", "last_name": "", "email": "test-1804@yandex.ru", "current_balance": 0, "image": "None", "is_active": true, "groups": [], "user_permissions": []}}, {"model": "backend.user", "pk": 58, "fields": {"password": "pbkdf2_sha256$216000$zmbcBf4x55Xu$oC8QC6pMYWEPJ0jhLgf+B3vtKS3De376DNzmagf++Tw=", "last_login": null, "is_superuser": false, "is_staff": false, "date_joined": "2020-12-27T17:35:15.678Z", "wms_id": "1830", "first_name": "", "last_name": "", "email": "test-1830@yandex.ru", "current_balance": 50, "image": "None", "is_active": true, "groups": [], "user_permissions": []}}, {"model": "backend.user", "pk": 59, "fields": {"password": "pbkdf2_sha256$216000$zW99cffiT6hJ$ubYT0oHQ1UsgnFUiWwwwqRVX7i6KD5n57NvOZ3nunBo=", "last_login": null, "is_superuser": false, "is_staff": false, "date_joined": "2020-12-27T17:35:15.760Z", "wms_id": "1861", "first_name": "", "last_name": "", "email": "test-1861@yandex.ru", "current_balance": 10, "image": "None", "is_active": true, "groups": [], "user_permissions": []}}, {"model": "backend.user", "pk": 60, "fields": {"password": "pbkdf2_sha256$216000$eRnIBS3sN0CZ$6S6Pm3QM5ROy1LJfEk/hecEjo7iQmGGa2Drv5slpxS4=", "last_login": null, "is_superuser": false, "is_staff": false, "date_joined": "2020-12-27T17:35:15.843Z", "wms_id": "1901", "first_name": "", "last_name": "", "email": "test-1901@yandex.ru", "current_balance": 10, "image": "None", "is_active": true, "groups": [], "user_permissions": []}}, {"model": "backend.user", "pk": 61, "fields": {"password": "pbkdf2_sha256$216000$CvhBZKCylJr9$+/+uejq45O9uTbiaUty2CthCs/FVtIdBpBfeogAS0Y4=", "last_login": null, "is_superuser": false, "is_staff": false, "date_joined": "2020-12-27T17:35:15.928Z", "wms_id": "1903", "first_name": "", "last_name": "", "email": "test-1903@yandex.ru", "current_balance": 0, "image": "None", "is_active": true, "groups": [], "user_permissions": []}}, {"model": "backend.user", "pk": 62, "fields": {"password": "pbkdf2_sha256$216000$2991tAvb98PA$QKa+AgpJ3JfOZ2xmvI9Ua/tATF2tR0jSkApfrtOSm5k=", "last_login": null, "is_superuser": false, "is_staff": false, "date_joined": "2020-12-27T17:35:16.013Z", "wms_id": "1908", "first_name": "", "last_name": "", "email": "test-1908@yandex.ru", "current_balance": 0, "image": "None", "is_active": true, "groups": [], "user_permissions": []}}, {"model": "backend.user", "pk": 63, "fields": {"password": "pbkdf2_sha256$216000$UhV7pncYQCzW$dGO+fLYX4TX+Wd6y9DqoUF7pYbt869ZUgcNurxhgLNI=", "last_login": null, "is_superuser": false, "is_staff": false, "date_joined": "2020-12-27T17:35:16.096Z", "wms_id": "1909", "first_name": "", "last_name": "", "email": "test-1909@yandex.ru", "current_balance": 300, "image": "None", "is_active": true, "groups": [], "user_permissions": []}}, {"model": "backend.user", "pk": 64, "fields": {"password": "pbkdf2_sha256$216000$VEEW3p0cfn5l$PY1X7py5yA5xz+GiRnImg11O/War+uVsYuCgcmdBkeA=", "last_login": null, "is_superuser": false, "is_staff": false, "date_joined": "2020-12-27T17:35:16.179Z", "wms_id": "1911", "first_name": "", "last_name": "", "email": "test-1911@yandex.ru", "current_balance": 0, "image": "None", "is_active": true, "groups": [], "user_permissions": []}}, {"model": "backend.user", "pk": 65, "fields": {"password": "pbkdf2_sha256$216000$HiEJJxuqd7Ag$B6tK1DSjtVTpCByMDGIt3Dp9IO4N/IYtfER+YHDz/xE=", "last_login": null, "is_superuser": false, "is_staff": false, "date_joined": "2020-12-27T17:35:16.261Z", "wms_id": "1919", "first_name": "", "last_name": "", "email": "test-1919@yandex.ru", "current_balance": 0, "image": "None", "is_active": true, "groups": [], "user_permissions": []}}, {"model": "backend.user", "pk": 66, "fields": {"password": "pbkdf2_sha256$216000$Exx0yXk0x2VP$U56IjvjsS1M8JRIKQkZB+75C27zI65cnirNVvle+PVg=", "last_login": null, "is_superuser": false, "is_staff": false, "date_joined": "2020-12-27T17:35:16.343Z", "wms_id": "1965", "first_name": "", "last_name": "", "email": "test-1965@yandex.ru", "current_balance": 0, "image": "None", "is_active": true, "groups": [], "user_permissions": []}}, {"model": "backend.user", "pk": 67, "fields": {"password": "pbkdf2_sha256$216000$LjMN43tnHOrb$acUBCAPdIu6L0qTMoLERlOQ4AwaRIrIW4N3gzH9nzeI=", "last_login": null, "is_superuser": false, "is_staff": false, "date_joined": "2020-12-27T17:35:16.431Z", "wms_id": "1973", "first_name": "", "last_name": "", "email": "test-1973@yandex.ru", "current_balance": 0, "image": "None", "is_active": true, "groups": [], "user_permissions": []}}, {"model": "backend.user", "pk": 68, "fields": {"password": "pbkdf2_sha256$216000$677KkU6ekeRc$pcnVTGtR90F4GFndeRa51RGUa/YGgnJ3USp0DJCQNBo=", "last_login": null, "is_superuser": false, "is_staff": false, "date_joined": "2020-12-27T17:35:16.513Z", "wms_id": "1975", "first_name": "", "last_name": "", "email": "test-1975@yandex.ru", "current_balance": 0, "image": "None", "is_active": true, "groups": [], "user_permissions": []}}, {"model": "backend.user", "pk": 69, "fields": {"password": "pbkdf2_sha256$216000$WlhvFgHyTlg0$47jooCu9bJy9F5zl6GJCdHILjMeGbEpqEODDsZebMwU=", "last_login": null, "is_superuser": false, "is_staff": false, "date_joined": "2020-12-27T17:35:16.591Z", "wms_id": "1978", "first_name": "", "last_name": "", "email": "test-1978@yandex.ru", "current_balance": 0, "image": "None", "is_active": true, "groups": [], "user_permissions": []}}, {"model": "backend.user", "pk": 70, "fields": {"password": "pbkdf2_sha256$216000$OsEIharCWEN7$r2TNERYp7e3yFMpe1jrLA1ena4orkDg+J0ka03GcNPw=", "last_login": null, "is_superuser": false, "is_staff": false, "date_joined": "2020-12-27T17:35:16.671Z", "wms_id": "1980", "first_name": "", "last_name": "", "email": "test-1980@yandex.ru", "current_balance": 0, "image": "None", "is_active": true, "groups": [], "user_permissions": []}}, {"model": "backend.user", "pk": 71, "fields": {"password": "pbkdf2_sha256$216000$hbG2tMlYV5v1$V0mhRJbH/usQL4ECh7NZjyAduX/boveqSALw9k3Gzgc=", "last_login": null, "is_superuser": false, "is_staff": false, "date_joined": "2020-12-27T17:35:16.750Z", "wms_id": "1982", "first_name": "", "last_name": "", "email": "test-1982@yandex.ru", "current_balance": 0, "image": "None", "is_active": true, "groups": [], "user_permissions": []}}, {"model": "backend.user", "pk": 72, "fields": {"password": "pbkdf2_sha256$216000$XDefBHRliKjx$IwTM2BpNahmRtfEF8p1Huf0vnue4qiZnfia3BnVvEb0=", "last_login": null, "is_superuser": false, "is_staff": false, "date_joined": "2020-12-27T17:35:16Z", "wms_id": "1984", "first_name": "Петр", "last_name": "Иванов", "email": "test-1984@yandex.ru", "current_balance": 320, "image": "images/1_d_850.jpeg", "is_active": true, "groups": [], "user_permissions": []}}, {"model": "backend.user", "pk": 73, "fields": {"password": "pbkdf2_sha256$216000$254bzj4jSwL4$/6ifoaJ03NVrUXFcZbW0Jj3bfnlracoFhrfN+caq9JE=", "last_login": null, "is_superuser": false, "is_staff": false, "date_joined": "2020-12-27T17:35:16.913Z", "wms_id": "1988", "first_name": "", "last_name": "", "email": "test-1988@yandex.ru", "current_balance": 0, "image": "None", "is_active": true, "groups": [], "user_permissions": []}}, {"model": "backend.user", "pk": 74, "fields": {"password": "pbkdf2_sha256$216000$oDre42iFjEYc$XnRmCASEVYD7CdX1hVOaDlxpSyRVoSBkUpz/7sinDF8=", "last_login": null, "is_superuser": false, "is_staff": false, "date_joined": "2020-12-27T17:35:16.994Z", "wms_id": "1990", "first_name": "", "last_name": "", "email": "test-1990@yandex.ru", "current_balance": 0, "image": "None", "is_active": true, "groups": [], "user_permissions": []}}, {"model": "backend.user", "pk": 75, "fields": {"password": "pbkdf2_sha256$216000$Q3ou4a7dLJ4O$QpGEokzjsaG80Nqde/FxWpcZ+UzcquopkQVkESOq0FI=", "last_login": null, "is_superuser": false, "is_staff": false, "date_joined": "2020-12-27T17:35:17.075Z", "wms_id": "1995", "first_name": "", "last_name": "", "email": "test-1995@yandex.ru", "current_balance": 0, "image": "None", "is_active": true, "groups": [], "user_permissions": []}}, {"model": "backend.user", "pk": 76, "fields": {"password": "pbkdf2_sha256$216000$WHa3sizpwz36$aTZ1X7eFbhuUczJk7AwWRwW4ivuwNynVzIGEqn15Mec=", "last_login": null, "is_superuser": false, "is_staff": false, "date_joined": "2020-12-27T17:35:17.160Z", "wms_id": "2005", "first_name": "", "last_name": "", "email": "test-2005@yandex.ru", "current_balance": 0, "image": "None", "is_active": true, "groups": [], "user_permissions": []}}, {"model": "backend.user", "pk": 77, "fields": {"password": "pbkdf2_sha256$216000$VPBBNtIvbEZ2$ztSWySekKnyZHSzHQRDWweifUa+p9ACeMfCMf4q4BGo=", "last_login": null, "is_superuser": false, "is_staff": false, "date_joined": "2020-12-27T17:35:17.243Z", "wms_id": "2008", "first_name": "", "last_name": "", "email": "test-2008@yandex.ru", "current_balance": 0, "image": "None", "is_active": true, "groups": [], "user_permissions": []}}, {"model": "backend.user", "pk": 78, "fields": {"password": "pbkdf2_sha256$216000$lBJuwFTm2gHW$6OvFux+ecxCWPDh52mnBmWtX9Nm8ss/ZE5HKxy954wY=", "last_login": null, "is_superuser": false, "is_staff": false, "date_joined": "2020-12-27T17:35:17.325Z", "wms_id": "2015", "first_name": "", "last_name": "", "email": "test-2015@yandex.ru", "current_balance": 0, "image": "None", "is_active": true, "groups": [], "user_permissions": []}}, {"model": "backend.user", "pk": 79, "fields": {"password": "pbkdf2_sha256$216000$iVdSzkhj8IAP$VmUkWVI4titNudHXmLeyQIAf2ihdTEOf7WL8h3++5Rk=", "last_login": null, "is_superuser": false, "is_staff": false, "date_joined": "2020-12-27T17:35:17.409Z", "wms_id": "2101", "first_name": "", "last_name": "", "email": "test-2101@yandex.ru", "current_balance": 0, "image": "None", "is_active": true, "groups": [], "user_permissions": []}}, {"model": "backend.user", "pk": 80, "fields": {"password": "pbkdf2_sha256$216000$OG6f2A99NC67$uFMP8Jv5Zi6rqfdRhp3B1cM62TfSrztXGewDHxKEo3k=", "last_login": null, "is_superuser": false, "is_staff": false, "date_joined": "2020-12-27T17:35:17.488Z", "wms_id": "2111", "first_name": "", "last_name": "", "email": "test-2111@yandex.ru", "current_balance": 0, "image": "None", "is_active": true, "groups": [], "user_permissions": []}}, {"model": "backend.user", "pk": 81, "fields": {"password": "pbkdf2_sha256$216000$fyrpvdYCa4Hk$LvAhQ1Nper7oqHnbQ5oHepHTqKVcMjSJOLaXQsmCNC4=", "last_login": null, "is_superuser": false, "is_staff": false, "date_joined": "2020-12-27T17:35:17.569Z", "wms_id": "2115", "first_name": "", "last_name": "", "email": "test-2115@yandex.ru", "current_balance": 0, "image": "None", "is_active": true, "groups": [], "user_permissions": []}}, {"model": "backend.user", "pk": 82, "fields": {"password": "pbkdf2_sha256$216000$7yZL57atleE1$xtc+ngdAp56VvJdPGCpQ1UFLpsA75PqLll2AXfOdKVc=", "last_login": null, "is_superuser": false, "is_staff": false, "date_joined": "2020-12-27T17:35:17.706Z", "wms_id": "2244", "first_name": "", "last_name": "", "email": "test-2244@yandex.ru", "current_balance": 0, "image": "None", "is_active": true, "groups": [], "user_permissions": []}}, {"model": "backend.user", "pk": 83, "fields": {"password": "pbkdf2_sha256$216000$DQLARaVVWVvc$83dCJaD0i+zGxdUiOUBRHyyhUZNoVvWwT24O/mqmPhw=", "last_login": null, "is_superuser": false, "is_staff": false, "date_joined": "2020-12-27T17:35:17.789Z", "wms_id": "2305", "first_name": "", "last_name": "", "email": "test-2305@yandex.ru", "current_balance": 0, "image": "None", "is_active": true, "groups": [], "user_permissions": []}}, {"model": "backend.user", "pk": 84, "fields": {"password": "pbkdf2_sha256$216000$VdYmpKiV2q0p$VW8sQqB3r+tBoJQzG0AhLg0VN3i9SkJ0tb3Humu0EJk=", "last_login": null, "is_superuser": false, "is_staff": false, "date_joined": "2020-12-27T17:35:17.873Z", "wms_id": "2401", "first_name": "", "last_name": "", "email": "test-2401@yandex.ru", "current_balance": 0, "image": "None", "is_active": true, "groups": [], "user_permissions": []}}, {"model": "backend.user", "pk": 85, "fields": {"password": "pbkdf2_sha256$216000$GZ84DnXJmAo7$eefCMiY9eUby2FOSVhjfzgb7xM7jQebJdRt8AE3Xu1M=", "last_login": null, "is_superuser": false, "is_staff": false, "date_joined": "2020-12-27T17:35:17.954Z", "wms_id": "2408", "first_name": "", "last_name": "", "email": "test-2408@yandex.ru", "current_balance": 0, "image": "None", "is_active": true, "groups": [], "user_permissions": []}}, {"model": "backend.user", "pk": 86, "fields": {"password": "pbkdf2_sha256$216000$QhDl3bGzuke8$hvlI9UtRXsgIB59Qfv9a3Ifp8T9YoiyqfSML5eF402g=", "last_login": null, "is_superuser": false, "is_staff": false, "date_joined": "2020-12-27T17:35:18.037Z", "wms_id": "2411", "first_name": "", "last_name": "", "email": "test-2411@yandex.ru", "current_balance": 0, "image": "None", "is_active": true, "groups": [], "user_permissions": []}}, {"model": "backend.user", "pk": 87, "fields": {"password": "pbkdf2_sha256$216000$SqfPe7AuwdY3$HksdItkO9lN+Lsz1zRBAHd5qFfP8TmobCpqIlFgrM5g=", "last_login": null, "is_superuser": false, "is_staff": false, "date_joined": "2020-12-27T17:35:18.122Z", "wms_id": "2507", "first_name": "", "last_name": "", "email": "test-2507@yandex.ru", "current_balance": 0, "image": "None", "is_active": true, "groups": [], "user_permissions": []}}, {"model": "backend.user", "pk": 88, "fields": {"password": "pbkdf2_sha256$216000$zZyX9JlAjNIy$x/4fR3tUH6FgB7Dj3dXDOMr6XCk/0ebDByKqltfaEmg=", "last_login": null, "is_superuser": false, "is_staff": false, "date_joined": "2020-12-27T17:35:18.210Z", "wms_id": "2508", "first_name": "", "last_name": "", "email": "test-2508@yandex.ru", "current_balance": 0, "image": "None", "is_active": true, "groups": [], "user_permissions": []}}, {"model": "backend.user", "pk": 89, "fields": {"password": "pbkdf2_sha256$216000$cQvlzfzGvZp6$z8z6On496ZrdGwWDPiH3vyXMu6pZUo7f+NncZDGGSvQ=", "last_login": null, "is_superuser": false, "is_staff": false, "date_joined": "2020-12-27T17:35:18.292Z", "wms_id": "2511", "first_name": "", "last_name": "", "email": "test-2511@yandex.ru", "current_balance": 0, "image": "None", "is_active": true, "groups": [], "user_permissions": []}}, {"model": "backend.user", "pk": 90, "fields": {"password": "pbkdf2_sha256$216000$3MV2Ri2reJiw$8FNvgex+bhYU1H55DUNxtaJqB65lD7yEk01u4L1lGrE=", "last_login": null, "is_superuser": false, "is_staff": false, "date_joined": "2020-12-27T17:35:18.372Z", "wms_id": "2513", "first_name": "", "last_name": "", "email": "test-2513@yandex.ru", "current_balance": 0, "image": "None", "is_active": true, "groups": [], "user_permissions": []}}, {"model": "backend.user", "pk": 91, "fields": {"password": "pbkdf2_sha256$216000$6Gza5g449bUx$TFEjFwecEZjzIfi2SJfJQrVYjCTULOa7JiotOPzlnrQ=", "last_login": null, "is_superuser": false, "is_staff": false, "date_joined": "2020-12-27T17:35:18.457Z", "wms_id": "2525", "first_name": "", "last_name": "", "email": "test-2525@yandex.ru", "current_balance": 0, "image": "None", "is_active": true, "groups": [], "user_permissions": []}}, {"model": "backend.user", "pk": 92, "fields": {"password": "pbkdf2_sha256$216000$jtLZC2zuit9R$yW5r472bFrrbQvPp/STiMBlHNQWdtYTFUIVfCRwxsww=", "last_login": null, "is_superuser": false, "is_staff": false, "date_joined": "2020-12-27T17:35:18.537Z", "wms_id": "2611", "first_name": "", "last_name": "", "email": "test-2611@yandex.ru", "current_balance": 0, "image": "None", "is_active": true, "groups": [], "user_permissions": []}}, {"model": "backend.user", "pk": 93, "fields": {"password": "pbkdf2_sha256$216000$TgA1k1YzE9HX$cYW5FMImJI9QCSrZaQJRTz8pa6e9kDDUIYgMm/USnxI=", "last_login": null, "is_superuser": false, "is_staff": false, "date_joined": "2020-12-27T17:35:18.618Z", "wms_id": "2706", "first_name": "", "last_name": "", "email": "test-2706@yandex.ru", "current_balance": 0, "image": "None", "is_active": true, "groups": [], "user_permissions": []}}, {"model": "backend.user", "pk": 94, "fields": {"password": "pbkdf2_sha256$216000$Jt9Cj3ymKPh9$bNLneI4jshEFeBRAgSdd3vepzwJwGJZJuCtNWEQbruA=", "last_login": null, "is_superuser": false, "is_staff": false, "date_joined": "2020-12-27T17:35:18.703Z", "wms_id": "2708", "first_name": "", "last_name": "", "email": "test-2708@yandex.ru", "current_balance": 0, "image": "None", "is_active": true, "groups": [], "user_permissions": []}}, {"model": "backend.user", "pk": 95, "fields": {"password": "pbkdf2_sha256$216000$06omLi2q00Zz$kkMpzZTZjK1wIdRFlgZCWQs12jMcyRUyaBmXoKOUDgQ=", "last_login": null, "is_superuser": false, "is_staff": false, "date_joined": "2020-12-27T17:35:18.785Z", "wms_id": "2804", "first_name": "", "last_name": "", "email": "test-2804@yandex.ru", "current_balance": 0, "image": "None", "is_active": true, "groups": [], "user_permissions": []}}, {"model": "backend.user", "pk": 96, "fields": {"password": "pbkdf2_sha256$216000$IedmYygHxsQO$0GblyN46Z2N0i2Wux4zpsArcM+VpPoDR+xeH059EPek=", "last_login": null, "is_superuser": false, "is_staff": false, "date_joined": "2020-12-27T17:35:18.867Z", "wms_id": "2809", "first_name": "", "last_name": "", "email": "test-2809@yandex.ru", "current_balance": 0, "image": "None", "is_active": true, "groups": [], "user_permissions": []}}, {"model": "backend.user", "pk": 97, "fields": {"password": "pbkdf2_sha256$216000$2BzqUyE2ApgO$80A4AtK9LTHsXpP+LiR10M0x9nV68Sv8Hq3RRsOBhhc=", "last_login": null, "is_superuser": false, "is_staff": false, "date_joined": "2020-12-27T17:35:18.950Z", "wms_id": "2887", "first_name": "", "last_name": "", "email": "test-2887@yandex.ru", "current_balance": 0, "image": "None", "is_active": true, "groups": [], "user_permissions": []}}, {"model": "backend.user", "pk": 98, "fields": {"password": "pbkdf2_sha256$216000$SZZ9ME0SYutN$hAI4Y3DRHB91pQHrwTR6Q/GLRWjDJdV9mcwpZCI+P/Q=", "last_login": null, "is_superuser": false, "is_staff": false, "date_joined": "2020-12-27T17:35:19.035Z", "wms_id": "2906", "first_name": "", "last_name": "", "email": "test-2906@yandex.ru", "current_balance": 0, "image": "None", "is_active": true, "groups": [], "user_permissions": []}}, {"model": "backend.user", "pk": 99, "fields": {"password": "pbkdf2_sha256$216000$HGCQIqxoI9RP$JUT/qXaRgxma04DX1jqKjrlA38wpozU7aRkU7ufQTW4=", "last_login": null, "is_superuser": false, "is_staff": false, "date_joined": "2020-12-27T17:35:19.118Z", "wms_id": "2909", "first_name": "", "last_name": "", "email": "test-2909@yandex.ru", "current_balance": 0, "image": "None", "is_active": true, "groups": [], "user_permissions": []}}, {"model": "backend.user", "pk": 100, "fields": {"password": "pbkdf2_sha256$216000$2sNx3J1xEyBN$0oajeFn0ODZtmtUd/+7IpE8LHoL7ypLJ31qG188nCGE=", "last_login": null, "is_superuser": false, "is_staff": false, "date_joined": "2020-12-27T17:35:19.202Z", "wms_id": "3005", "first_name": "", "last_name": "", "email": "test-3005@yandex.ru", "current_balance": 0, "image": "None", "is_active": true, "groups": [], "user_permissions": []}}, {"model": "backend.user", "pk": 101, "fields": {"password": "pbkdf2_sha256$216000$npkeAEUzqlUE$KZ/iwlNYdYcYWgVNOAsRB8S7teDwFRdHULoOlCZ3HQA=", "last_login": null, "is_superuser": false, "is_staff": false, "date_joined": "2020-12-27T17:35:19.294Z", "wms_id": "3035", "first_name": "", "last_name": "", "email": "test-3035@yandex.ru", "current_balance": 0, "image": "None", "is_active": true, "groups": [], "user_permissions": []}}, {"model": "backend.user", "pk": 102, "fields": {"password": "pbkdf2_sha256$216000$cAKbNkMFBAuM$HW7K74z8hIWF9n6mvVCmUFLAdnUF472FK6fudbeUhSY=", "last_login": null, "is_superuser": false, "is_staff": false, "date_joined": "2020-12-27T17:35:19.381Z", "wms_id": "3107", "first_name": "", "last_name": "", "email": "test-3107@yandex.ru", "current_balance": 0, "image": "None", "is_active": true, "groups": [], "user_permissions": []}}, {"model": "backend.user", "pk": 103, "fields": {"password": "pbkdf2_sha256$216000$RdjXgBQsodi9$ZC+S0pJO2oZtYtwLGVBUzI25Rk+CMHz4UT9HZmoDTIs=", "last_login": null, "is_superuser": false, "is_staff": false, "date_joined": "2020-12-27T17:35:19.465Z", "wms_id": "3275", "first_name": "", "last_name": "", "email": "test-3275@yandex.ru", "current_balance": 0, "image": "None", "is_active": true, "groups": [], "user_permissions": []}}, {"model": "backend.user", "pk": 104, "fields": {"password": "pbkdf2_sha256$216000$X3ey7SSxUqGC$vEOdmH6Tyi7UvoYYMaKicgUvAr8WtlEGgGVXeplW+6A=", "last_login": null, "is_superuser": false, "is_staff": false, "date_joined": "2020-12-27T17:35:19.552Z", "wms_id": "3465", "first_name": "", "last_name": "", "email": "test-3465@yandex.ru", "current_balance": 0, "image": "None", "is_active": true, "groups": [], "user_permissions": []}}, {"model": "backend.user", "pk": 105, "fields": {"password": "pbkdf2_sha256$216000$QVtrWHLKXpSm$CRuTUThpOmZHc95+jfLVZsDZlTOBC2ZFgOyZyDoJU20=", "last_login": null, "is_superuser": false, "is_staff": false, "date_joined": "2020-12-27T17:35:19.635Z", "wms_id": "3474", "first_name": "", "last_name": "", "email": "test-3474@yandex.ru", "current_balance": 130, "image": "None", "is_active": true, "groups": [], "user_permissions": []}}, {"model": "backend.user", "pk": 106, "fields": {"password": "pbkdf2_sha256$216000$9ZDQPegTFrmE$hMSmZgLD+e+1rnk5gxxFWjbYEzki9oPgkG96AERe6J8=", "last_login": null, "is_superuser": false, "is_staff": false, "date_joined": "2020-12-27T17:35:19.718Z", "wms_id": "4020", "first_name": "", "last_name": "", "email": "test-4020@yandex.ru", "current_balance": 0, "image": "None", "is_active": true, "groups": [], "user_permissions": []}}, {"model": "backend.user", "pk": 107, "fields": {"password": "pbkdf2_sha256$216000$YPpxkAk5rNd4$KDC4gbLCSjHUmhlUDl9FYWi84UNDITvNFQnV4z0VhvU=", "last_login": null, "is_superuser": false, "is_staff": false, "date_joined": "2020-12-27T17:35:19.804Z", "wms_id": "4045", "first_name": "", "last_name": "", "email": "test-4045@yandex.ru", "current_balance": 0, "image": "None", "is_active": true, "groups": [], "user_permissions": []}}, {"model": "backend.user", "pk": 108, "fields": {"password": "pbkdf2_sha256$216000$zbFVTKFZPgnI$e52gmCRHkNxFYBt1cAvmGDcBSiW5LMTDxqfSefaZbDM=", "last_login": null, "is_superuser": false, "is_staff": false, "date_joined": "2020-12-27T17:35:19.886Z", "wms_id": "4197", "first_name": "", "last_name": "", "email": "test-4197@yandex.ru", "current_balance": 0, "image": "None", "is_active": true, "groups": [], "user_permissions": []}}, {"model": "backend.user", "pk": 109, "fields": {"password": "pbkdf2_sha256$216000$I046kUZVH4nD$pXP7HOk6ZicLsk0lUVZPf5kxzPi4xgzvYnSW7TYdpSc=", "last_login": null, "is_superuser": false, "is_staff": false, "date_joined": "2020-12-27T17:35:19.974Z", "wms_id": "4444", "first_name": "", "last_name": "", "email": "test-4444@yandex.ru", "current_balance": 0, "image": "None", "is_active": true, "groups": [], "user_permissions": []}}, {"model": "backend.user", "pk": 110, "fields": {"password": "pbkdf2_sha256$216000$I43ucQ6uVFQJ$GrTKsDQO3jz6bOlI9NnZizFOYLLTIbVbaEDWnfIn4QI=", "last_login": null, "is_superuser": false, "is_staff": false, "date_joined": "2020-12-27T17:35:20.055Z", "wms_id": "4533", "first_name": "", "last_name": "", "email": "test-4533@yandex.ru", "current_balance": 0, "image": "None", "is_active": true, "groups": [], "user_permissions": []}}, {"model": "backend.user", "pk": 111, "fields": {"password": "pbkdf2_sha256$216000$dKPR4OiJe7Lg$3nGQLS4uaOJsqdszubmgWkicelrCvg/ApcuiLAsg1RE=", "last_login": null, "is_superuser": false, "is_staff": false, "date_joined": "2020-12-27T17:35:20.139Z", "wms_id": "4686", "first_name": "", "last_name": "", "email": "test-4686@yandex.ru", "current_balance": 0, "image": "None", "is_active": true, "groups": [], "user_permissions": []}}, {"model": "backend.user", "pk": 112, "fields": {"password": "pbkdf2_sha256$216000$D90dJ5VtE3o5$Sr8RxUOhl8uwjKmzBh2EWMWHzQr6Ka6q0KlQNOSIP54=", "last_login": null, "is_superuser": false, "is_staff": false, "date_joined": "2020-12-27T17:35:20.222Z", "wms_id": "4700", "first_name": "", "last_name": "", "email": "test-4700@yandex.ru", "current_balance": 0, "image": "None", "is_active": true, "groups": [], "user_permissions": []}}, {"model": "backend.user", "pk": 113, "fields": {"password": "pbkdf2_sha256$216000$6l3ViqhRmNF0$GC0IIWYqPgQQeARuy29aZBzd7qLEQO9KxfTzDiFBtZI=", "last_login": null, "is_superuser": false, "is_staff": false, "date_joined": "2020-12-27T17:35:20.305Z", "wms_id": "6327", "first_name": "", "last_name": "", "email": "test-6327@yandex.ru", "current_balance": 0, "image": "None", "is_active": true, "groups": [], "user_permissions": []}}, {"model": "backend.user", "pk": 114, "fields": {"password": "pbkdf2_sha256$216000$I5FtbBt9ADoy$6xIhtakNJdeyrQIZMEsbkqyWpwrsmuv07h/VZKRFXK8=", "last_login": null, "is_superuser": false, "is_staff": false, "date_joined": "2020-12-27T17:35:20.388Z", "wms_id": "6789", "first_name": "", "last_name": "", "email": "test-6789@yandex.ru", "current_balance": 0, "image": "None", "is_active": true, "groups": [], "user_permissions": []}}, {"model": "backend.user", "pk": 115, "fields": {"password": "pbkdf2_sha256$216000$0lKfN6W2vvYC$we3Nm1w42z1XLPoW9ZhULNEEw2jSuwfMgUxSBaX/Gws=", "last_login": null, "is_superuser": false, "is_staff": false, "date_joined": "2020-12-27T17:35:20.472Z", "wms_id": "7283", "first_name": "", "last_name": "", "email": "test-7283@yandex.ru", "current_balance": 0, "image": "None", "is_active": true, "groups": [], "user_permissions": []}}, {"model": "backend.user", "pk": 116, "fields": {"password": "pbkdf2_sha256$216000$KQvP3hzu8Sz4$SGpLwLu/0nfcU9gfYkU4Y2mHjJz6eTpG9UzrSxsoC4Q=", "last_login": null, "is_superuser": false, "is_staff": false, "date_joined": "2020-12-27T17:35:20.557Z", "wms_id": "7305", "first_name": "", "last_name": "", "email": "test-7305@yandex.ru", "current_balance": 0, "image": "None", "is_active": true, "groups": [], "user_permissions": []}}, {"model": "backend.user", "pk": 117, "fields": {"password": "pbkdf2_sha256$216000$l80Vsu75h4Od$gja87cJeOTXWtkbbfAvCvMgWGqq67+YpXDLHcv2MCEY=", "last_login": null, "is_superuser": false, "is_staff": false, "date_joined": "2020-12-27T17:35:20.639Z", "wms_id": "7455", "first_name": "", "last_name": "", "email": "test-7455@yandex.ru", "current_balance": 0, "image": "None", "is_active": true, "groups": [], "user_permissions": []}}, {"model": "backend.user", "pk": 118, "fields": {"password": "pbkdf2_sha256$216000$lI7DtLgnddrB$p96ZSA3VDDnOMTUftVwcFEp9P10EfkptKAXAzohYK8Y=", "last_login": null, "is_superuser": false, "is_staff": false, "date_joined": "2020-12-27T17:35:20.720Z", "wms_id": "7890", "first_name": "", "last_name": "", "email": "test-7890@yandex.ru", "current_balance": 0, "image": "None", "is_active": true, "groups": [], "user_permissions": []}}, {"model": "backend.user", "pk": 119, "fields": {"password": "pbkdf2_sha256$216000$pUe90g7EZz5b$yKKMsBWTCAHpROW8W2+KdVR5IuskDxqWYBjbYMYM19s=", "last_login": null, "is_superuser": false, "is_staff": false, "date_joined": "2020-12-27T17:35:20.802Z", "wms_id": "8006", "first_name": "", "last_name": "", "email": "test-8006@yandex.ru", "current_balance": 0, "image": "None", "is_active": true, "groups": [], "user_permissions": []}}, {"model": "backend.user", "pk": 120, "fields": {"password": "pbkdf2_sha256$216000$01YsUVqXJ4Jr$mwdlbMnCdtB6jMSNQojPnmQHx41/jok+tC1Y1E1Xkmo=", "last_login": null, "is_superuser": false, "is_staff": false, "date_joined": "2020-12-27T17:35:20Z", "wms_id": "8905", "first_name": "", "last_name": "", "email": "test-8905@yandex.ru", "current_balance": 100, "image": "None", "is_active": true, "groups": [], "user_permissions": []}}, {"model": "backend.user", "pk": 121, "fields": {"password": "pbkdf2_sha256$216000$JMdMGJ2S8FsL$PLG4lTc251wE+QjVSBH4eB1giqk/d8cs7Vq1H1y65pY=", "last_login": null, "is_superuser": false, "is_staff": false, "date_joined": "2020-12-27T17:35:20.967Z", "wms_id": "9359", "first_name": "", "last_name": "", "email": "test-9359@yandex.ru", "current_balance": 0, "image": "None", "is_active": true, "groups": [], "user_permissions": []}}, {"model": "backend.user", "pk": 122, "fields": {"password": "pbkdf2_sha256$216000$E9ihAGsE4GeA$REEpDycPRuaZ8wYmjsBvZSgIYupeQHe3S0nugF15Jwg=", "last_login": null, "is_superuser": false, "is_staff": false, "date_joined": "2020-12-27T17:35:21Z", "wms_id": "9876", "first_name": "", "last_name": "", "email": "test-9876@yandex.ru", "current_balance": 50, "image": "None", "is_active": true, "groups": [], "user_permissions": []}}, {"model": "backend.user", "pk": 123, "fields": {"password": "pbkdf2_sha256$216000$i491TeAawKrK$kvTzdZc2pFz3tz0RUHEZc/8sNt/5f2xE/SiMxwcRCec=", "last_login": null, "is_superuser": false, "is_staff": false, "date_joined": "2021-01-03T09:40:20.409Z", "wms_id": "8888", "first_name": "", "last_name": "", "email": "omgorganica1@yandex.ru", "current_balance": 0, "image": "None", "is_active": true, "groups": [], "user_permissions": []}}, {"model": "backend.user", "pk": 124, "fields": {"password": "pbkdf2_sha256$216000$mvbQMGQP8w9Q$lRXPuDzs/RC3etxExNmKrsr2zoRQtbludOoFo96KaGk=", "last_login": null, "is_superuser": false, "is_staff": false, "date_joined": "2021-01-26T06:48:25.521Z", "wms_id": "7594", "first_name": "", "last_name": "", "email": "omg11organica1@yandex.ru", "current_balance": 0, "image": "None", "is_active": false, "groups": [], "user_permissions": []}}, {"model": "backend.user", "pk": 125, "fields": {"password": "pbkdf2_sha256$216000$Z82NKzBOipo2$pE2aXhl4mGemTH0yijGkh7OjQ43DR857EBo2rynZ+qg=", "last_login": null, "is_superuser": false, "is_staff": false, "date_joined": "2021-01-26T06:50:22.712Z", "wms_id": "1341", "first_name": "", "last_name": "", "email": "omgorga11nica1@yandex.ru", "current_balance": 0, "image": "None", "is_active": false, "groups": [], "user_permissions": []}}, {"model": "backend.user", "pk": 126, "fields": {"password": "pbkdf2_sha256$216000$DGaimw3ea08N$89x5YIlcFjMrD07Tnib1SFUd1m6mocNLypsV069ADBM=", "last_login": null, "is_superuser": false, "is_staff": false, "date_joined": "2021-01-26T06:52:19.847Z", "wms_id": "1452", "first_name": "", "last_name": "", "email": "omgorganic111a@yandex.ru", "current_balance": 0, "image": "None", "is_active": false, "groups": [], "user_permissions": []}}, {"model": "backend.user", "pk": 127, "fields": {"password": "pbkdf2_sha256$216000$6rcWo3T6enQx$5toSCN2PjRW46c23YopSFV3Edw6T+KZ4/UGcQv//NXg=", "last_login": null, "is_superuser": false, "is_staff": false, "date_joined": "2021-01-26T06:53:56.722Z", "wms_id": "1454", "first_name": "", "last_name": "", "email": "omgorganica111a@yandex.ru", "current_balance": 0, "image": "None", "is_active": false, "groups": [], "user_permissions": []}}, {"model": "backend.user", "pk": 128, "fields": {"password": "pbkdf2_sha256$216000$GU3Q7jIATqzF$0hIADtGfsDW3GpvGHlhWiPScXrpwf4ZIYCzB9zo57oM=", "last_login": null, "is_superuser": false, "is_staff": false, "date_joined": "2021-01-26T06:54:34.311Z", "wms_id": "1457", "first_name": "", "last_name": "", "email": "omgsorganica111a@yandex.ru", "current_balance": 0, "image": "None", "is_active": false, "groups": [], "user_permissions": []}}, {"model": "backend.user", "pk": 129, "fields": {"password": "pbkdf2_sha256$216000$ILypkSzals5o$2gSNEnt2TAJVEsbTvYiJpR40WeclS7PUoyImC5eUgwc=", "last_login": null, "is_superuser": false, "is_staff": false, "date_joined": "2021-01-26T06:55:42.309Z", "wms_id": "8964", "first_name": "", "last_name": "", "email": "123@yandex.ru", "current_balance": 0, "image": "None", "is_active": false, "groups": [], "user_permissions": []}}, {"model": "backend.user", "pk": 130, "fields": {"password": "pbkdf2_sha256$216000$xKU5Wwtsr7xD$HqVS9hGxji0meuEbNNRx+wjaW1roNPuRf5Xn9DvdH08=", "last_login": null, "is_superuser": false, "is_staff": false, "date_joined": "2021-01-26T06:58:27.767Z", "wms_id": "8640", "first_name": "", "last_name": "", "email": "2@ya.ru", "current_balance": 0, "image": "None", "is_active": false, "groups": [], "user_permissions": []}}, {"model": "backend.fileuploader", "pk": 18, "fields": {"file": "files/test_GvKLvIO.xlsx", "upload_date": "2021-02-08T07:42:11.212Z"}}, {"model": "backend.fileuploader", "pk": 19, "fields": {"file": "files/test_JvOj4DY_boe70v5.xlsx", "upload_date": "2021-02-08T07:46:43.083Z"}}, {"model": "backend.fileuploader", "pk": 20, "fields": {"file": "files/test_zEgSQYx_iaRGoL0_JhlLn9c.xlsx", "upload_date": "2021-02-08T07:51:10.471Z"}}, {"model": "backend.fileuploader", "pk": 21, "fields": {"file": "files/test_zEgSQYx_iaRGoL0_JhlLn9c_QLlCebz.xlsx", "upload_date": "2021-02-08T07:56:18.359Z"}}, {"model": "backend.fileuploader", "pk": 22, "fields": {"file": "files/test_3DM0yb7.xlsx", "upload_date": "2021-02-08T08:05:21.852Z"}}, {"model": "backend.fileuploader", "pk": 23, "fields": {"file": "files/test_1U0ZR8Y.xlsx", "upload_date": "2021-02-08T08:05:37.939Z"}}, {"model": "backend.fileuploader", "pk": 24, "fields": {"file": "files/test_Oy36ogz.xlsx", "upload_date": "2021-02-08T13:16:02.789Z"}}, {"model": "backend.fileuploader", "pk": 25, "fields": {"file": "files/test_YlWqiH8.xlsx", "upload_date": "2021-02-08T13:16:20.933Z"}}, {"model": "backend.fileuploader", "pk": 26, "fields": {"file": "files/test_EpnFAoN.xlsx", "upload_date": "2021-02-08T13:16:34.768Z"}}, {"model": "backend.fileuploader", "pk": 27, "fields": {"file": "files/test_WlJnlV3.xlsx", "upload_date": "2021-02-08T13:16:41.082Z"}}, {"model": "backend.shift", "pk": 7, "fields": {"date": "2020-12-02", "user": 8, "picking": 1328, "transportations": 0, "loading": 0, "result": "1.1"}}, {"model": "backend.shift", "pk": 8, "fields": {"date": "2020-12-02", "user": 21, "picking": 1323, "transportations": 0, "loading": 0, "result": "1.1"}}, {"model": "backend.shift", "pk": 9, "fields": {"date": "2020-12-02", "user": 72, "picking": 1213, "transportations": 0, "loading": 3, "result": "1.3"}}, {"model": "backend.shift", "pk": 10, "fields": {"date": "2020-12-02", "user": 105, "picking": 0, "transportations": 0, "loading": 14, "result": "1.3"}}, {"model": "backend.shift", "pk": 11, "fields": {"date": "2020-12-03", "user": 48, "picking": 2732, "transportations": 0, "loading": 0, "result": "2.3"}}, {"model": "backend.shift", "pk": 12, "fields": {"date": "2020-12-03", "user": 63, "picking": 1843, "transportations": 0, "loading": 0, "result": "1.5"}}, {"model": "backend.shift", "pk": 13, "fields": {"date": "2020-12-02", "user": 50, "picking": 0, "transportations": 5, "loading": 0, "result": "0.0"}}, {"model": "backend.shift", "pk": 14, "fields": {"date": "2020-12-04", "user": 50, "picking": 0, "transportations": 3, "loading": 0, "result": "0.0"}}, {"model": "backend.shift", "pk": 15, "fields": {"date": "2020-12-02", "user": 72, "picking": 106, "transportations": 200, "loading": 0, "result": "0.1"}}, {"model": "backend.shift", "pk": 16, "fields": {"date": "2020-12-03", "user": 58, "picking": 0, "transportations": 0, "loading": 6, "result": "0.5"}}, {"model": "backend.shift", "pk": 17, "fields": {"date": "2020-12-03", "user": 59, "picking": 152, "transportations": 0, "loading": 0, "result": "0.1"}}, {"model": "backend.shift", "pk": 18, "fields": {"date": "2020-12-03", "user": 72, "picking": 0, "transportations": 0, "loading": 1, "result": "0.1"}}, {"model": "backend.shift", "pk": 19, "fields": {"date": "2021-01-06", "user": 72, "picking": 1200, "transportations": 600, "loading": 5, "result": "1.5"}}, {"model": "backend.shift", "pk": 20, "fields": {"date": "2021-02-22", "user": 72, "picking": 1500, "transportations": 90, "loading": 5, "result": "1.2"}}, {"model": "backend.shift", "pk": 21, "fields": {"date": "2021-02-19", "user": 72, "picking": 600, "transportations": 48, "loading": 16, "result": "1.0"}}, {"model": "backend.shift", "pk": 22, "fields": {"date": "2021-02-15", "user": 72, "picking": 500, "transportations": 160, "loading": 5, "result": "0.8"}}, {"model": "backend.shift", "pk": 23, "fields": {"date": "2021-02-26", "user": 72, "picking": 900, "transportations": 140, "loading": 8, "result": "0.8"}}, {"model": "backend.shift", "pk": 24, "fields": {"date": "2021-02-14", "user": 72, "picking": 450, "transportations": 6, "loading": 10, "result": "1.1"}}, {"model": "backend.good", "pk": 1, "fields": {"name": "Подарочная карта", "price": 100, "image": "images/card-front-big.png"}}, {"model": "backend.good", "pk": 2, "fields": {"name": "Портативная колонка", "price": 400, "image": "images/unnamed.jpg"}}, {"model": "backend.good", "pk": 3, "fields": {"name": "Powerbank", "price": 200, "image": "images/420-33_lg.jpg"}}, {"model": "backend.order", "pk": 1, "fields": {"user": 1, "good": 1, "status": "finished", "created": "2021-01-31T17:39:28.451Z"}}, {"model": "backend.order", "pk": 2, "fields": {"user": 1, "good": 1, "status": "finished", "created": "2021-02-06T06:52:23.672Z"}}, {"model": "backend.order", "pk": 3, "fields": {"user": 1, "good": 1, "status": "finished", "created": "2021-02-06T06:52:11.171Z"}}, {"model": "backend.order", "pk": 4, "fields": {"user": 1, "good": 1, "status": "active", "created": "2021-01-31T17:11:36.467Z"}}, {"model": "backend.order", "pk": 5, "fields": {"user": 1, "good": 1, "status": "active", "created": "2021-01-31T17:11:36.467Z"}}, {"model": "backend.order", "pk": 6, "fields": {"user": 1, "good": 1, "status": "active", "created": "2021-01-31T17:11:36.467Z"}}, {"model": "backend.order", "pk": 7, "fields": {"user": 1, "good": 1, "status": "active", "created": "2021-01-31T17:11:36.467Z"}}, {"model": "backend.order", "pk": 8, "fields": {"user": 1, "good": 1, "status": "finished", "created": "2021-01-31T17:44:01.657Z"}}, {"model": "backend.order", "pk": 9, "fields": {"user": 1, "good": 2, "status": "finished", "created": "2021-01-31T17:42:41.104Z"}}, {"model": "backend.order", "pk": 10, "fields": {"user": 1, "good": 1, "status": "finished", "created": "2021-01-31T17:39:40.951Z"}}, {"model": "backend.order", "pk": 11, "fields": {"user": 1, "good": 3, "status": "finished", "created": "2021-01-31T17:11:36.467Z"}}, {"model": "backend.order", "pk": 12, "fields": {"user": 72, "good": 3, "status": "finished", "created": "2021-01-31T17:11:36.467Z"}}, {"model": "backend.order", "pk": 13, "fields": {"user": 1, "good": 1, "status": "finished", "created": "2021-02-02T16:03:34.472Z"}}, {"model": "backend.order", "pk": 14, "fields": {"user": 1, "good": 2, "status": "active", "created": "2021-01-31T17:44:21.089Z"}}, {"model": "backend.order", "pk": 15, "fields": {"user": 1, "good": 3, "status": "finished", "created": "2021-02-06T06:46:53.207Z"}}, {"model": "backend.balancemodifier", "pk": 3, "fields": {"name": "Auto", "delta": 100, "image": "None", "for_shift_result": true}}, {"model": "backend.balancemodifierhistory", "pk": 11, "fields": {"assigned_to": 8, "assigned_by": 1, "modifier": 3, "comment": "Автоматическое пополнение по итогам смены", "created": "2021-02-08T07:56:18.406Z"}}, {"model": "backend.balancemodifierhistory", "pk": 12, "fields": {"assigned_to": 21, "assigned_by": 1, "modifier": 3, "comment": "Автоматическое пополнение по итогам смены", "created": "2021-02-08T07:56:18.418Z"}}, {"model": "backend.balancemodifierhistory", "pk": 13, "fields": {"assigned_to": 72, "assigned_by": 1, "modifier": 3, "comment": "Автоматическое пополнение по итогам смены", "created": "2021-02-08T07:56:18.432Z"}}, {"model": "backend.balancemodifierhistory", "pk": 14, "fields": {"assigned_to": 105, "assigned_by": 1, "modifier": 3, "comment": "Автоматическое пополнение по итогам смены", "created": "2021-02-08T07:56:18.445Z"}}, {"model": "backend.balancemodifierhistory", "pk": 15, "fields": {"assigned_to": 48, "assigned_by": 1, "modifier": 3, "comment": "Автоматическое пополнение по итогам смены", "created": "2021-02-08T08:05:21.880Z"}}, {"model": "backend.balancemodifierhistory", "pk": 16, "fields": {"assigned_to": 63, "assigned_by": 1, "modifier": 3, "comment": "Автоматическое пополнение по итогам смены", "created": "2021-02-08T08:05:21.891Z"}}, {"model": "backend.balancemodifierhistory", "pk": 17, "fields": {"assigned_to": 50, "assigned_by": 1, "modifier": 3, "comment": "Автоматическое пополнение по итогам смены", "created": "2021-02-08T13:16:34.940Z"}}, {"model": "backend.balancemodifierhistory", "pk": 18, "fields": {"assigned_to": 50, "assigned_by": 1, "modifier": 3, "comment": "Автоматическое пополнение по итогам смены", "created": "2021-02-08T13:16:34.952Z"}}, {"model": "backend.balancemodifierhistory", "pk": 19, "fields": {"assigned_to": 56, "assigned_by": 1, "modifier": 3, "comment": "Автоматическое пополнение по итогам смены", "created": "2021-02-08T13:16:34.961Z"}}, {"model": "backend.balancemodifierhistory", "pk": 20, "fields": {"assigned_to": 58, "assigned_by": 1, "modifier": 3, "comment": "Автоматическое пополнение по итогам смены", "created": "2021-02-08T13:16:34.970Z"}}, {"model": "backend.balancemodifierhistory", "pk": 21, "fields": {"assigned_to": 59, "assigned_by": 1, "modifier": 3, "comment": "Автоматическое пополнение по итогам смены", "created": "2021-02-08T13:16:34.982Z"}}, {"model": "backend.balancemodifierhistory", "pk": 22, "fields": {"assigned_to": 60, "assigned_by": 1, "modifier": 3, "comment": "Автоматическое пополнение по итогам смены", "created": "2021-02-08T13:16:34.993Z"}}, {"model": "authtoken.token", "pk": "84cafac78aa0945121083de2c99adbb898fb3e72", "fields": {"user": 1, "created": "2020-12-27T17:41:12.757Z"}}]